Player,Nation,Position,Team,Age,Matches,Minutes,YellowCards,RedCards,Goals,PKGoals,PKAttempts,Assists,OwnGoals,PassAttempted,PassCompleted,AerialsWon,AerialsLost,AerialsWonPerc,Tackles,TacklesWon,Clearances,FoulsCommitted,PKConceded,Shots,ShotsTarget,FoulsDrawn,Crosses,PKWon
Abner,BRA,DF,Betis,22,4,272,0,0,0,0,0,0,0,54.3,39,1,2,33.3,2.67,2.33,2.67,0.67,0,0.67,0.33,0.67,1.33,0
Marcos Acuña,ARG,DF,Sevilla,31,16,985,0.46,0.09,2,0,0,0.09,0,62.9,46.5,1.19,0.92,56.5,3.3,1.74,1.28,1.65,0.09,1.47,0.37,1.65,7.61,0
Álvaro Aguado,ESP,MF,Valladolid,26,19,1130,0.16,0,0,0,0,0.16,0,53.3,44.2,0.95,1.03,48,0.95,0.48,0.56,0.48,0.08,0.71,0.16,1.27,2.22,0
Joseph Aidoo,GHA,DF,Celta Vigo,27,20,1800,0.15,0,2,0,0,0,0,50.8,43.4,1.75,1.85,48.6,1.7,1.05,4.2,0.6,0.05,0.45,0.1,0.35,0,0
Sergio Akieme,ESP,DF,Almería,25,21,1890,0.19,0,0,0,0,0,0,43.9,34,0.52,0.62,45.8,1.29,0.76,1.48,0.81,0,1.05,0.29,0.67,3,0
Paul Akouokou,CIV,MF,Betis,25,6,238,0.77,0,0,0,0,0,0,38.8,36.2,0.38,2.31,14.3,3.46,1.92,0.77,1.54,0,0.77,0.38,1.15,0,0
David Alaba,AUT,DF,Real Madrid,30,17,1365,0.2,0,1,0,0,0.2,0,56.8,50.2,0.33,0.39,45.5,0.66,0.53,1.64,0.46,0.07,0.59,0.07,0.13,1.25,0
Tomás Alarcón,CHI,MF,Cádiz,24,4,223,0.8,0.4,0,0,0,0,0,38,31.2,1.2,0.4,75,1.2,0.8,0.8,1.6,0,0.8,0.4,1.2,2.4,0
Jordi Alba,ESP,DF,Barcelona,33,14,931,0.39,0.1,1,0,0,0.29,0,97,82.6,0.58,0.97,37.5,1.65,1.26,1.36,0.68,0,0.87,0.19,0.19,5.05,0
Raúl Albiol,ESP,DF,Villarreal,37,17,1519,0.3,0,0,0,0,0,0,61.8,54.7,1.72,0.95,64.4,1.01,0.65,4.56,0.83,0,0.06,0,0.65,0.06,0
Rubén Alcaraz,ESP,MF,Cádiz,31,16,1008,0.54,0.09,1,0,0,0,0,41.3,32.5,1.52,1.34,53.1,2.5,1.7,1.52,1.96,0,1.52,0.18,1.79,1.16,0
Omar Alderete,PAR,DF,Getafe,26,8,630,0.43,0,0,0,0,0,0,44.9,28.3,3.14,1.71,64.7,1.29,0.29,4.29,1.14,0,0.71,0.14,0.86,0.29,0
Iván Alejo,ESP,MFFW,Cádiz,28,16,729,1.11,0.12,0,0,0,0.12,0,23.8,13.3,1.73,1.23,58.3,2.96,1.98,0.86,3.33,0.12,1.48,0.25,2.72,6.17,0
Carles Aleñá,ESP,MF,Getafe,25,19,1455,0.49,0,2,0,0,0.12,0,36.6,28.3,0.56,1.3,30,0.93,0.62,0.86,2.41,0,1.3,0.49,2.28,1.42,0
Alejandro Alfaro,ESP,MF,Elche,20,1,15,0,0,0,0,0,0,0,5,5,0,0,0,0,0,0,10,0,0,0,0,0,0
Ángel Algobia,ESP,MF,Getafe,23,14,747,0.24,0,0,0,0,0,0,44.5,36.6,0.72,1.69,30,1.93,0.84,0.72,2.29,0,0.36,0,0.84,0.84,0
Mohamed Ali Cho,FRA,FW,Real Sociedad,19,8,317,0.29,0,0,0,0,0.57,0,20.9,13.1,0.29,2.29,11.1,1.43,0.86,0.57,1.43,0,3.14,1.43,2,4.29,0.29
Domingos André Ribeiro Almeida,POR,MF,Valencia,22,18,1255,0.14,0,2,0,0,0.22,0,49.2,40.1,0.65,1.15,36,2.52,1.73,0.58,1.15,0,0.79,0.36,1.51,3.24,0
Marcos Alonso,ESP,DF,Barcelona,32,12,620,0.14,0,1,0,0,0,0,80.7,73.6,1.59,1.16,57.9,1.16,0.72,2.32,0.87,0.14,0.43,0.14,0.58,1.01,0
Carlos Álvarez,ESP,FW,Sevilla,19,1,10,10,0,0,0,0,0,0,0,0,0,0,0,0,10,0,10,0,0,0,0,0,0
Gastón Álvarez,URU,DF,Getafe,22,10,571,0.32,0.16,2,0,0,0,0,32.2,21.1,2.22,2.22,50,2.22,1.43,2.7,1.43,0,0.32,0.32,1.11,0.79,0
Yeray Álvarez,ESP,DF,Athletic Club,28,18,1565,0.17,0.06,1,0,0,0.06,0,54.1,44.3,2.01,1.49,57.4,1.21,0.8,3.74,0.75,0.06,0.34,0.06,0.98,0.34,0
Amath,SEN,MFFW,Mallorca,26,14,494,0.36,0,1,0,0,0,0,21.6,16.7,0.36,0.91,28.6,3.09,1.82,0.36,2.73,0,1.82,0.73,1.09,1.27,0.18
Jordan Amavi,FRA,DF,Getafe,28,4,193,0.95,0.48,0,0,0,0,0,45.7,24.3,3.81,1.43,72.7,1.43,0.95,3.33,0.95,0,0,0,0.95,2.86,0
Fabrizio Angileri,ARG,DF,Getafe,28,8,510,0.35,0.18,0,0,0,0,0,38.8,22.8,2.46,1.23,66.7,1.23,0.88,1.4,1.05,0.18,0.53,0,0.18,1.58,0
Anuar,MAR,MFFW,Valladolid,28,3,210,0.43,0,1,0,0,0,0,17.4,13,0.87,2.17,28.6,1.74,1.74,1.3,1.3,0,1.3,0.43,2.61,0.43,0
Mauro Arambarri,URU,MF,Getafe,27,7,587,0.31,0.15,0,0,0,0.15,0,41.5,34.5,0.92,0.77,54.5,1.38,0.62,1.54,1.69,0,0.92,0,1.54,3.85,0
Ronald Araújo,URU,DF,Barcelona,23,10,859,0.32,0,0,0,0,0.11,0,65.5,58.1,2.11,1.26,62.5,1.37,0.95,1.89,0.53,0,0.63,0,0.42,0.11,0
Roberto Arroyo,ESP,MF,Valladolid,19,1,15,0,0,0,0,0,0,0,25,0,0,0,0,5,5,0,0,0,0,0,0,5,0
Santiago Arzamendia,PAR,MFDF,Cádiz,24,8,299,0,0,0,0,0,0,0,37.3,24.2,1.52,1.82,45.5,1.52,1.21,2.42,0.91,0,0.91,0.3,0.3,1.82,0
Sergio Asenjo,ESP,GK,Valladolid,33,5,450,0,0,0,0,0,0,0,36.2,24.2,0,0,0,0,0,1.2,0,0,0,0,0.4,0,0
Marco Asensio,ESP,FWMF,Real Madrid,27,15,500,0.18,0,2,0,0.18,0.54,0,48.9,39.8,0.36,0,100,1.43,0.89,0.36,0.89,0.18,3.75,1.07,1.07,5.54,0.18
Iago Aspas,ESP,FW,Celta Vigo,35,20,1662,0.22,0,9,0.05,0.11,0.16,0,37.5,29,0.97,1.41,40.9,0.11,0.05,0.65,0.59,0,2.27,1.03,2.16,1.3,0
Pierre-Emerick Aubameyang,GAB,FW,Barcelona,33,1,9,0,0,0,0,0,0,0,30,30,0,0,0,0,0,0,0,0,10,0,0,0,0
Ludwig Augustinsson,SWE,DF,Mallorca,28,1,71,0,0,0,0,0,0,0,37.5,26.3,2.5,0,100,0,0,3.75,0,0,0,0,0,3.75,0
Ezequiel Ávila,ARG,FWMF,Osasuna,29,18,1161,0.39,0.08,7,0.16,0.23,0.16,0,27.3,15.3,2.02,2.71,42.6,0.39,0.23,0.7,0.85,0,3.1,1.4,2.17,4.19,0
Iddrisu Baba,GHA,MF,Mallorca,27,17,995,0.36,0,0,0,0,0,0,30.7,25.5,1.44,0.81,64,1.98,0.99,1.53,2.34,0,0.63,0,1.53,0,0
Sr?an Babi?,SRB,DF,Almería,26,18,1575,0.17,0,1,0,0,0,0,45.5,38.6,1.71,1.14,60,1.03,0.46,2.86,0.8,0,0.29,0.17,0.11,0.11,0
Loïc Bade,FRA,DF,Sevilla,22,6,448,0,0,0,0,0,0,0,76.8,68.8,1.6,2,44.4,1.4,1.2,3.4,0.6,0,0.2,0,0.2,0.4,0
Édgar Badía,ESP,GK,Elche,31,20,1800,0.1,0,0,0,0,0,0,28.3,20.3,0.15,0,100,0.05,0,0.55,0.05,0.05,0,0,0.1,0,0
Alex Baena,ESP,MFFW,Villarreal,21,18,1039,0.87,0.09,4,0,0,0.09,0,34,26.3,0,0.87,0,1.48,0.78,0.96,3.13,0.09,2.96,1.13,2.78,1.13,0.09
Alejandro Balde,ESP,DF,Barcelona,19,18,1210,0.15,0,0,0,0,0.3,0,65.4,59.3,0.37,0.75,33.3,1.72,1.34,0.75,1.04,0,0.45,0.15,0.9,1.42,0
Mikel Balenziaga,ESP,DF,Athletic Club,34,1,45,0,0,0,0,0,0,0,74,56,0,0,0,4,4,2,2,0,0,0,0,4,0
Iván Balliu,ALB,DF,Rayo Vallecano,31,20,1793,0.15,0,0,0,0,0,0.1,56.1,43.3,0.9,0.8,52.9,1.01,0.65,2.31,1.06,0,0.25,0.05,1.01,3.42,0
Léo Baptistão,BRA,FWMF,Almería,30,16,949,0.48,0,3,0,0,0.1,0,30.2,20.9,1.33,2.29,36.8,2.1,1.33,0.48,2,0,2.95,0.86,1.14,1.05,0
Keidi Bare,ALB,MF,Espanyol,25,11,330,0,0,0,0,0,0,0,45.4,37.8,1.08,2.16,33.3,1.89,0.81,1.35,2.43,0,1.08,0.54,1.89,1.08,0
Kike Barja,ESP,FWMF,Osasuna,25,10,387,0,0,1,0,0,0.23,0,40.7,27.2,0.7,0,100,0.7,0.23,0.23,1.63,0,0.93,0.7,1.86,9.53,0
Ander Barrenetxea,ESP,FWDF,Real Sociedad,21,7,191,0.95,0,1,0,0,0,0,31.9,24.3,1.9,4.29,30.8,2.86,1.43,0.95,2.38,0,0.95,0.95,0.48,0,0
Pablo Barrios,ESP,MF,Atlético Madrid,19,5,269,0.33,0,0,0,0,0,0,61.3,52,0.67,0.67,50,2.33,1.33,0.67,1,0,1.67,0.67,1.67,1,0
Rodrigo Battaglia,ARG,MF,Mallorca,31,13,660,0.68,0,0,0,0,0,0,29.6,23.7,1.37,1.1,55.6,1.64,0.68,2.47,1.51,0.27,0.27,0,1.51,0.14,0
Bebé,CPV,FW,Rayo Vallecano,32,4,60,1.43,0,0,0,0,0,0,54.3,30,0,1.43,0,0,0,0,2.86,0,5.71,0,2.86,22.9,0
Héctor Bellerín,ESP,DF,Barcelona,27,3,143,0,0,0,0,0,0,0,60,48.1,1.88,0,100,1.25,0,1.25,1.25,0,0,0,0,1.88,0
Fran Beltrán,ESP,MF,Celta Vigo,24,20,1614,0.17,0,0,0,0,0.06,0,60.8,54.6,0.61,1.45,29.7,0.95,0.61,1.06,0.73,0,0.89,0.06,0.5,1.17,0
Karim Benzema,FRA,FW,Real Madrid,35,12,1046,0.09,0,9,0.26,0.34,0.26,0,47.8,40.8,0.43,0.43,50,0.52,0.34,0.17,0.6,0,4.05,1.38,0.34,0.09,0.17
Yuri Berchiche,ESP,DF,Athletic Club,33,12,946,0.57,0.1,0,0,0,0.1,0,57.6,47,1.71,0.95,64.3,2,1.24,2.38,1.43,0,1.24,0.29,1.24,2.95,0
Álex Berenguer,ESP,FW,Athletic Club,27,20,1366,0,0,3,0,0,0.07,0,35.5,24.1,1.51,1.51,50,2.24,1.45,0.33,1.91,0,1.97,0.66,1.12,4.67,0
Pedro Bigas,ESP,DF,Elche,32,17,1278,0.21,0.14,0,0,0,0,0,46.9,37.4,1.13,0.49,69.6,1.55,0.85,3.94,0.63,0.07,0.85,0.35,0.7,0.35,0.07
El Bilal Touré,MLI,FW,Almería,21,15,935,0,0,4,0,0,0.19,0,19.1,13.6,3.27,3.17,50.7,0.29,0.19,1.63,2.21,0,2.31,1.06,0.29,0.29,0
Blanco,ESP,MF,Cádiz,22,3,158,0,0,0,0,0,0,0,33.9,31.7,1.67,0,100,3.33,2.22,1.67,1.11,0,0,0,0.56,0,0
Lautaro Blanco,ARG,MFDF,Elche,23,5,230,0.38,0,0,0,0,0.38,0,40,23.1,0,0.77,0,1.92,0.77,1.54,0.38,0,0,0,0,8.08,0
Theo Bongonda,COD,MF,Cádiz,27,14,808,0,0,2,0,0,0.22,0,22.7,15,0.56,1.11,33.3,1.33,1.11,0.22,0.67,0,2.11,0.44,1.67,3.22,0
Wassim Boullif,ESP,DFMF,Espanyol,18,4,74,0,0,0,0,0,0,0,6.25,5,0,2.5,0,2.5,1.25,3.75,1.25,0,0,0,0,0,0
Yassine Bounou,MAR,GK,Sevilla,31,19,1665,0.11,0,0,0,0,0,0,38,28.5,0.16,0.05,75,0.05,0.05,0.43,0,0,0,0,0.05,0,0
Lucas Boyé,ARG,FW,Elche,26,18,1217,0.22,0.07,1,0,0.07,0.15,0,23.5,18.4,1.19,2,37.2,1.41,0.67,1.7,2.3,0,2,0.59,1.93,0.59,0
Martin Braithwaite,DEN,FWMF,Espanyol,31,15,1187,0.15,0.08,5,0,0,0.08,0,16.5,10.6,1.67,2.35,41.5,0.61,0.08,0.45,0.76,0,2.12,1.06,1.59,0.91,0
Juan Brandáriz,ESP,DF,Almería,23,11,716,0.13,0,1,0,0,0,0,47.3,40,0.63,0.38,62.5,1.5,0.88,3.75,0.38,0,0.25,0.13,0.13,0.25,0
Darko Braanac,SRB,MF,Osasuna,31,18,746,0.48,0,1,0,0,0.12,0,33.4,27.1,1.33,1.33,50,2.17,1.45,0.6,1.33,0,0.72,0.36,1.33,0.36,0
Claudio Bravo,CHI,GK,Betis,39,3,270,0.33,0,0,0,0,0,0,33,18.3,0,0,0,0,0,0,0,0,0,0,0,0,0
Bryan,ESP,DFMF,Sevilla,22,2,135,0.67,0,1,0,0,0,0,50,36.7,1.33,0.67,66.7,2,0.67,1.33,0.67,0,1.33,0.67,1.33,3.33,0
Ante Budimir,CRO,FW,Osasuna,31,16,867,0.21,0,2,0,0,0,0,15.9,8.85,5.52,5.63,49.5,0.94,0.31,1.15,2.4,0,2.92,0.73,1.46,0.21,0.1
Santiago Bueno,URU,DF,Girona,24,20,1787,0.2,0.05,0,0,0,0.05,0,58.3,50.6,2.31,1.36,63,1.91,1.06,2.51,1.16,0,0.55,0.1,1.01,0.15,0.05
Sergio Busquets,ESP,MF,Barcelona,34,18,1302,0.41,0.07,0,0,0,0.07,0,72.2,64.5,2.55,2.21,53.6,2.55,1.31,1.45,1.24,0,0.28,0.07,2,0.14,0
Leandro Cabrera,URU,DF,Espanyol,31,19,1647,0.16,0.05,0,0,0,0,0,44.6,32,2.51,1.53,62.2,1.09,0.55,4.15,0.98,0,0.77,0.16,0.49,0.33,0
Cala,ESP,DF,Cádiz,33,3,137,0,0,0,0,0,0,0,25.3,20,2,2.67,42.9,1.33,0.67,8,0.67,0,0.67,0,3.33,0,0
Fernando Calero,ESP,DFMF,Espanyol,27,17,1180,0.23,0,0,0,0,0,0,41.7,33.4,1.83,1.22,60,2.67,1.45,3.05,1.07,0,0.31,0.08,0.53,0.31,0
Alexander Callens,PER,DF,Girona,30,1,45,0,0,0,0,0,0,0,66,58,0,0,0,2,2,6,0,0,0,0,0,0,0
Eduardo Camavinga,FRA,MFDF,Real Madrid,20,20,914,0.29,0,0,0,0,0.1,0,62.7,57,0.88,0.69,56.3,2.94,2.06,1.27,1.47,0,1.18,0.1,3.63,0.49,0
Sergio Camello,ESP,FW,Rayo Vallecano,22,20,1431,0.06,0,5,0,0,0.19,0,16.9,13.6,1.13,1.7,40,0.69,0.44,0.94,0.57,0,2.58,0.75,0.88,0.06,0
Sergio Canales,ESP,FWMF,Betis,31,18,1455,0.25,0.06,3,0,0,0.06,0,54.7,41,0.56,0.68,45,1.11,0.62,0.43,0.43,0,1.54,0.49,1.3,4.69,0
Ander Capa,ESP,MFFW,Athletic Club,31,2,8,0,0,0,0,0,0,0,20,10,0,0,0,0,0,0,0,0,0,0,0,0,0
Étienne Capoue,FRA,MF,Villarreal,34,15,1174,0.08,0,0,0,0,0,0,46.4,40.6,1.31,1.08,54.8,1.31,0.69,1.38,0.69,0,1.08,0.38,1.62,0.38,0
Isaac Carcelen,ESP,DF,Cádiz,29,14,1057,0.17,0.17,0,0,0,0,0,39.7,32.1,0.51,1.28,28.6,3.68,2.48,3.42,0.77,0.09,0.34,0.09,1.11,1.54,0
Juan Carlos,ESP,GK,Girona,35,10,900,0,0,0,0,0,0,0,34,28.8,0.1,0,100,0,0,0.7,0,0,0,0,0,0,0
José Carlos Lazo,ESP,MFFW,Almería,26,1,20,0,0,0,0,0,0,0,20,15,0,0,0,0,0,0,5,0,10,5,5,0,0
José Carlos Lazo,ESP,MFFW,Espanyol,26,8,127,0,0,1,0,0,0,0,17.1,12.1,0,1.43,0,2.86,1.43,3.57,0.71,0,2.86,0.71,2.14,2.86,0
Carmona,ESP,MF,Elche,21,3,261,0.69,0,1,0,0,0,0,29,19.3,0.34,1.72,16.7,3.45,1.38,1.38,2.76,0,1.38,1.03,0.34,2.41,0
Carmona,ESP,DF,Sevilla,21,10,527,1.02,0.17,2,0,0,0.17,0,55.9,45.6,0.51,1.36,27.3,2.2,1.86,2.88,2.37,0,0.85,0.34,1.02,1.86,0
Yannick Carrasco,BEL,DFMF,Atlético Madrid,29,18,969,0.09,0,1,0,0,0,0,43,34.3,0.37,0.28,57.1,1.76,1.02,0.83,1.02,0,2.59,0.83,0.65,3.7,0
Dani Carvajal,ESP,DF,Real Madrid,31,15,1076,0.25,0,0,0,0,0.08,0,62.4,53,0.33,0.67,33.3,1.92,1,2.08,0.92,0.08,0.5,0,0.75,2.25,0
William Carvalho,POR,MF,Betis,30,18,1346,0.27,0.07,2,0,0,0.07,0,64.6,55.5,1.13,0.87,56.7,1.47,0.93,0.8,1.2,0,0.93,0.33,1.47,0.13,0
Casemiro,BRA,MF,Real Madrid,30,1,8,0,0,0,0,0,0,0,80,70,0,0,0,0,0,10,10,0,0,0,0,0,0
Valentín Castellanos,ARG,FW,Girona,24,20,1508,0.36,0,4,0.06,0.06,0,0,14.2,8.93,1.49,2.26,39.7,0.42,0.18,0.77,1.55,0,2.62,0.71,1.67,0.3,0
Samu Castillejo,ESP,FW,Valencia,28,16,960,0.47,0,3,0,0,0,0,37.2,28.6,0.56,1.31,30,1.59,0.84,0.09,2.43,0,2.71,0.75,2.71,4.11,0
Catena,ESP,DF,Rayo Vallecano,28,19,1710,0.32,0,1,0,0,0.05,0,54.7,44.6,2.37,0.89,72.6,0.74,0.42,4.58,0.79,0,0.26,0.16,0.68,0.05,0
Edinson Cavani,URU,FW,Valencia,35,14,945,0.38,0,5,0.19,0.29,0.1,0,24.3,17.9,0.86,1.43,37.5,0.38,0.1,0.48,1.24,0,2.19,0.67,0.57,0.19,0
Dani Ceballos,ESP,MF,Real Madrid,26,13,566,0.32,0,0,0,0,0.16,0,85.2,78.1,0.16,0.32,33.3,2.22,1.27,0.79,1.11,0,0.95,0.32,2.38,0.79,0
Franco Cervi,ARG,MF,Celta Vigo,28,19,1315,0,0.07,0,0,0,0.14,0,35.9,25.5,0.48,1.3,26.9,3.49,2.05,0.75,1.37,0,1.16,0.27,1.71,4.38,0
Pep Chavarría,ESP,FWDF,Rayo Vallecano,24,7,95,0.91,0,0,0,0,0,0,50,33.6,2.73,2.73,50,0.91,0.91,4.55,3.64,0,0,0,0.91,6.36,0
Andreas Christensen,DEN,DF,Barcelona,26,10,723,0.25,0,0,0,0,0.13,0,87.9,83,2.38,1,70.4,1.13,0.63,2.75,0.75,0,0.38,0.25,0.38,0,0
Samuel Chukwueze,NGA,FWMF,Villarreal,23,19,1008,0.09,0,1,0,0,0.18,0,34.9,26.9,0.63,0.27,70,0.98,0.45,0.89,0.71,0,2.14,0.54,1.25,1.07,0
Víctor Chust,ESP,DF,Cádiz,22,11,851,0.32,0,1,0,0,0,0,41.6,34.3,1.68,1.58,51.6,0.84,0.63,4.63,0.84,0.11,0.11,0.11,0.21,0,0
Pathé Ciss,SEN,MFDF,Rayo Vallecano,28,18,919,0.39,0,1,0,0,0,0,47.2,39.4,1.67,1.57,51.5,2.94,2.25,2.35,2.65,0,1.57,0.39,0.88,0.29,0
Carlos Clerc,ESP,DFMF,Elche,30,15,1172,0.08,0,0,0,0,0.08,0,48.1,35.1,0.46,0.54,46.2,2.38,1.62,2.69,0.92,0,0.38,0.23,0.85,3.46,0
Álex Collado,ESP,MF,Elche,23,9,536,0.17,0,1,0,0,0.17,0,36.3,29.3,0.67,1,40,3.67,1.83,0.5,1.33,0,1.83,0.83,1,1.83,0
Diego Collado,ESP,FW,Villarreal,22,2,6,0,0,0,0,0,0,0,70,50,0,0,0,0,0,0,0,0,0,0,0,20,0
Eray Cömert,SUI,DF,Valencia,25,17,1337,0.27,0.07,1,0,0,0,0,56.4,49,2.75,1.88,59.4,1.68,1.07,3.62,1.34,0,0.54,0.34,0.67,0.07,0
Santi Comesaña,ESP,MF,Rayo Vallecano,26,18,1116,0.16,0,1,0,0,0,0,44.5,37.6,1.05,1.85,36.1,3.06,1.85,0.48,1.94,0,0.97,0.16,1.05,0.4,0
Copete,ESP,DF,Mallorca,23,17,1285,0.35,0,0,0,0,0,0,37.7,29.4,1.19,0.56,68,2.03,1.19,3.78,1.89,0.07,0.28,0,1.05,0.21,0
Francis Coquelin,FRA,MF,Villarreal,31,15,713,0.25,0,1,0,0,0,0,37.5,32,0.76,0.51,60,2.28,1.65,0.89,1.27,0,0.76,0.13,0.76,0.63,0
Jesús Corona,MEX,FW,Sevilla,30,1,62,0,0,0,0,0,0,0,28.6,22.9,0,1.43,0,1.43,0,0,1.43,0,0,0,4.29,2.86,0
Ángel Correa,ARG,MFFW,Atlético Madrid,27,19,821,0.22,0,5,0,0,0,0,34.7,27.3,0.22,1.1,16.7,0.55,0.22,0.44,0.99,0,3.19,1.21,1.21,1.98,0
Thierry Correia,POR,DF,Valencia,23,16,1382,0.19,0,0,0,0,0,0,63.8,49.4,1.1,0.97,53.1,2.73,1.88,2.27,1.62,0,0.26,0,2.27,3.44,0.06
Jaume Costa,ESP,DF,Mallorca,34,17,1478,0.3,0,0,0,0,0.06,0,43,32,0.98,0.73,57.1,1.71,1.1,1.46,1.16,0,0.49,0.3,1.34,2.8,0
Samu Costa,POR,MF,Almería,22,17,1147,0.24,0,1,0,0,0,0,51.9,40.6,1.89,0.71,72.7,3.31,1.73,2.2,2.44,0,0.71,0.39,1.65,0.31,0
Thibaut Courtois,BEL,GK,Real Madrid,30,15,1350,0,0,0,0,0,0,0,35.4,29.6,0.2,0,100,0.07,0,0.2,0,0,0,0,0.13,0,0
Yan Couto,BRA,DFMF,Girona,20,14,684,0.13,0,0,0,0,0.13,0,51.6,38.9,0.13,0.53,20,2.5,1.71,0.26,0.92,0,0.66,0,1.18,4.61,0
Juan Cruz Armada,ESP,DF,Osasuna,30,16,1263,0.29,0,0,0,0,0,0,45.7,34.3,0.5,0.79,38.9,1.21,0.64,2.43,0.79,0,0.07,0,0.43,2.21,0
Juan Cruz,ESP,FW,Betis,22,5,174,0,0,1,0,0,0,0,18.9,11.6,0.53,1.05,33.3,0.53,0,0,1.58,0,2.63,1.05,1.05,3.16,0
Jorge Cuenca,ESP,DF,Villarreal,23,6,356,0.25,0,0,0,0,0,0,69.3,59.5,2.25,1,69.2,1.5,1,7,1,0.25,0.5,0,0.25,0.25,0
Braian Cufré,ARG,DF,Mallorca,26,5,220,0,0,0,0,0,0,0,38.3,31.7,0,0.42,0,2.08,0.83,0.42,2.08,0,1.25,0,1.25,0.42,0
Matheus Cunha,BRA,FWMF,Atlético Madrid,23,11,377,0.48,0,0,0,0,0.48,0,20.2,15.2,0.71,3.33,17.6,0.95,0.24,0.71,1.67,0,2.86,1.9,1.43,0.71,0
Curro,ESP,MF,Almería,27,2,43,2,0,0,0,0,0,0,56,42,0,4,0,4,0,0,2,0,2,2,0,2,0
Arnaut Danjuma,NED,FW,Villarreal,26,10,479,0,0,2,0.19,0.19,0,0,17.9,13.2,0,0.57,0,0.57,0.57,0.19,0.38,0,2.08,0.75,1.32,1.13,0
Sergi Darder,ESP,MF,Espanyol,29,20,1773,0.1,0,2,0,0,0.05,0,43.2,30.5,0.15,0.25,37.5,1.93,1.07,0.66,0.76,0,1.02,0.25,2.34,5.43,0
Rodrigo De Paul,ARG,MF,Atlético Madrid,28,15,875,0.21,0,1,0,0,0.21,0,63.5,51.3,0.31,0.72,30,1.24,0.41,0.21,1.44,0,0.82,0.31,2.27,2.78,0
Alberto Del Moral,ESP,MF,Villarreal,22,1,5,0,0,0,0,0,0,0,10,0,0,0,0,0,0,0,0,0,0,0,0,0,0
Thomas Delaney,DEN,MF,Sevilla,31,8,309,0.88,0,0,0,0,0,0,48.2,41.2,2.65,0.59,81.8,1.18,0.59,0.88,1.18,0,0.88,0.29,1.47,1.18,0
Fran Delgado,ESP,DF,Betis,21,1,12,0,0,0,0,0,0,0,80,70,0,0,0,0,0,0,0,0,0,0,0,10,0
Ousmane Dembélé,FRA,FW,Barcelona,25,18,1100,0.33,0,5,0,0,0.41,0,53,40.9,0.16,0.9,15.4,1.39,0.9,0.16,1.15,0,3.2,1.15,1.07,5.82,0
Mouctar Diakhaby,GUI,DF,Valencia,26,14,1151,0.47,0.08,2,0,0,0,0,47.3,39.9,1.17,2.03,36.6,1.25,0.63,2.97,1.02,0,0.55,0.23,0.39,0,0
Mamady Diarra,MLI,MFDF,Cádiz,22,2,66,0,0,0,0,0,0,0,12.9,11.4,0,0,0,2.86,1.43,0,1.43,0,4.29,0,1.43,0,0
Youba Diarra,MLI,MF,Cádiz,24,3,42,2,0,0,0,0,0,0,38,32,0,4,0,4,0,2,2,0,0,0,0,0,0
Stole Dimitrievski,MKD,GK,Rayo Vallecano,29,19,1710,0.16,0,0,0,0,0,0,30.7,18.9,0.26,0,100,0,0,0.47,0,0,0,0,0.05,0,0
Malcom Abdulai Ares Djalo,ESP,FW,Athletic Club,21,1,5,0,0,0,0,0,0,0,70,70,0,0,0,0,0,0,0,0,10,0,0,0,0
Djené,TOG,DF,Getafe,31,18,1536,0.29,0,0,0,0,0,0,38.7,31.7,1.52,0.94,61.9,0.94,0.58,2.51,1.29,0.06,0.18,0,1.4,0.35,0
Marko Dmitrovi?,SRB,GK,Sevilla,31,3,225,0.4,0,0,0,0,0,0,40,28.8,0.4,0,100,0,0,0.8,0,0,0,0,0.4,0,0
Kasper Dolberg,DEN,FW,Sevilla,25,4,197,0,0,0,0,0,0.45,0,12.7,8.64,1.36,1.82,42.9,0.45,0,2.27,0.91,0,0.91,0.45,1.82,0,0
Carlos Dominguez,ESP,MF,Celta Vigo,22,1,1,0,0,0,0,0,0,0,2,1,0,0,0,0,0,0,0,0,0,0,0,0,0
John Donald,ESP,DF,Elche,22,3,150,0,0.59,0,0,0,0,0,19.4,16.5,1.18,1.18,50,0.59,0,1.76,1.18,0,0,0,0.59,0,0
Domingos Duarte,POR,DF,Getafe,27,19,1665,0.38,0,0,0,0,0.11,0.05,34.9,27.6,1.57,0.86,64.4,0.86,0.54,5.03,1.08,0.05,0.59,0.16,0.76,0,0
Pablo Durán,ESP,MFDF,Celta Vigo,22,4,36,0,0,0,0,0,0,0,52.5,35,2.5,2.5,50,0,0,5,2.5,0,0,0,0,2.5,0
Hugo Duro,ESP,FWMF,Valencia,23,15,541,0.33,0,1,0,0,0,0,20,15,1.67,3,35.7,0.83,0.33,0.5,1.5,0,2.67,0.83,2.17,0.17,0
Íñigo Eguaras,ESP,MF,Almería,30,16,628,0.57,0,1,0,0,0.14,0,53.6,45.3,0.43,0.29,60,1.57,1.14,1.29,0.71,0,0.71,0.29,0.57,0.29,0
Aritz Elustondo,ESP,DF,Real Sociedad,28,16,1028,0.35,0.09,0,0,0,0.09,0,52.2,42.7,1.14,1.67,40.6,1.84,1.05,2.63,1.49,0,0.53,0,0.7,0.35,0
Rodrigo Ely,BRA,DF,Almería,29,20,1715,0.26,0.05,0,0,0,0,0.05,43.9,35.7,2.36,0.52,81.8,0.68,0.52,5.5,0.84,0,0.63,0.05,0.31,0.1,0
Adri Embarba,ESP,FWMF,Almería,30,16,786,0.57,0.11,1,0,0,0.34,0,35.3,22.2,0.57,2.18,20.8,3.79,1.84,0.34,1.38,0,2.53,0.92,1.49,8.05,0
Adri Embarba,ESP,FW,Espanyol,30,1,35,0,0,0,0,0,0,0,15,10,0,2.5,0,2.5,0,0,2.5,0,5,0,2.5,5,0
Youssef En-Nesyri,MAR,FW,Sevilla,25,17,741,0.12,0,3,0,0,0,0,14.4,9.15,2.8,4.63,37.7,1.22,0.85,0.85,0.37,0,3.17,1.46,0.24,0.49,0
Gonzalo Escalante,ARG,MF,Cádiz,29,3,210,0.43,0,2,0,0,0,0,46.5,37.8,3.04,2.17,58.3,2.17,1.3,1.74,1.74,0,2.17,0.87,0.87,0.43,0
Sergio Escudero,ESP,DF,Valladolid,33,10,767,0.24,0,0,0,0,0,0,44.5,32.4,1.53,1.29,54.2,2.59,1.76,3.06,1.06,0,1.41,0.47,0.94,2.82,0
Alfonso Espino,URU,DF,Cádiz,31,21,1772,0.25,0,0,0,0,0.15,0,42.7,27.5,0.76,0.96,44.1,2.74,1.62,2.74,1.47,0.1,0.56,0.05,0.91,2.44,0
Bernardo Espinosa,COL,DF,Girona,33,13,842,0.32,0,0,0,0,0.11,0,59.4,52.2,3.83,1.28,75,0.43,0,4.36,0.74,0.11,0.64,0.32,0.64,0,0
Edu Expósito,ESP,MF,Espanyol,26,18,927,0.19,0,2,0,0,0.19,0,35,25.4,1.07,1.07,50,2.52,1.55,1.55,1.26,0,1.26,0.58,1.94,2.62,0
Nicolás Ezequiel Fernández,ARG,MFDF,Elche,23,9,311,0.57,0,0,0,0,0,0.29,36.9,28,0,0.86,0,4.57,2.57,0.57,1.71,0,0.29,0.29,1.71,3.43,0
Abdessamad Ezzalzouli,MAR,FWMF,Osasuna,21,14,588,0.46,0.15,0,0,0,0.31,0,33.7,22.9,0.15,0.31,33.3,2.31,1.54,0.46,2.15,0,2.15,0.62,2.46,3.23,0
Radamel Falcao,COL,FWMF,Rayo Vallecano,37,17,470,0.58,0,2,0.19,0.19,0,0,21.9,16.9,2.88,3.27,46.9,0.58,0.58,1.73,2.5,0,2.88,0.77,1.92,0,0
Fali,ESP,DFMF,Cádiz,29,14,914,0.39,0,0,0,0,0,0,31.7,24.3,1.76,1.18,60,1.37,0.78,4.41,0.78,0,0.39,0,1.08,0,0
Mamadou Fall,SEN,DF,Villarreal,20,1,30,0,0,0,0,0,0,0,53.3,43.3,0,0,0,0,0,3.33,3.33,0,0,0,0,3.33,0
Ansu Fati,ESP,FW,Barcelona,20,20,778,0.23,0,3,0,0,0.35,0,38.7,32.6,0.47,0.93,33.3,1.16,0.7,0.58,1.05,0,4.3,1.16,0.93,0.47,0
Zouhair Feddal,MAR,DF,Valladolid,34,8,375,0.24,0,0,0,0,0,0,47.9,37.9,1.43,1.67,46.2,0.95,0.48,6.43,0.95,0.24,0.24,0,0.48,0.24,0
Nabil Fekir,FRA,MF,Betis,29,13,781,0.46,0.11,2,0.11,0.11,0.23,0,44.8,35.2,0.8,1.03,43.8,0.92,0.34,0,1.95,0,2.18,0.46,3.91,4.48,0.11
Felipe,BRA,DF,Atlético Madrid,33,3,194,0,0,0,0,0,0,0,60,55,2.73,2.73,50,1.36,0.91,3.18,1.82,0,0.45,0,1.36,0,0
Luiz Felipe,ITA,DF,Betis,25,11,772,0.12,0.35,0,0,0,0,0,47.2,40.5,1.28,1.05,55,1.86,1.16,5,0.7,0,0.23,0.12,0.47,0,0
João Félix,POR,FWMF,Atlético Madrid,23,14,650,0.69,0,4,0,0,0.42,0,31.7,23.8,0.97,1.11,46.7,1.39,0.97,0.28,2.22,0,3.61,1.67,3.19,1.11,0
Kiko Femenía,ESP,DF,Villarreal,32,14,893,0,0,0,0,0,0,0,60.7,51.6,0.81,0.3,72.7,0.81,0.51,1.92,0.61,0,0,0,0.81,2.53,0
Aitor Fernández,ESP,GK,Osasuna,31,10,900,0.1,0,0,0,0,0,0,38.8,25.6,0.2,0,100,0.1,0.1,0.9,0,0,0,0,0,0,0
Álex Fernández,ESP,MFFW,Cádiz,30,19,1228,0,0,3,0.07,0.07,0,0,40.4,34.3,0.66,1.32,33.3,0.88,0.44,1.03,0.22,0,0.88,0.51,0.88,1.62,0
Álvaro Fernández,ESP,GK,Espanyol,24,10,900,0,0,0,0,0,0,0,31.6,20.5,0.2,0.1,66.7,0,0,0.7,0,0,0,0,0.2,0,0
Carlos Fernández,ESP,FW,Real Sociedad,26,10,256,0.71,0,0,0,0,0,0,24.6,15.7,3.57,2.5,58.8,0.71,0.71,0.71,2.86,0,2.5,1.07,2.14,0,0
Federico Fernández,ARG,DF,Elche,33,1,90,0,0,0,0,0,0,0,14,8,1,2,33.3,1,1,12,0,0,0,0,0,0,0
Joaquín Fernández,ESP,DF,Valladolid,26,16,1315,0.21,0,1,0,0,0,0,43.3,35.8,2.33,1.3,64.2,1.3,1.23,4.38,0.68,0,0.55,0.07,0.41,0,0
Fernando,ESP,GK,Almería,32,20,1800,0.05,0,0,0,0,0,0,36.6,26.3,0,0,0,0,0,0.55,0,0,0,0,0.2,0,0
Fernando,BRA,MFDF,Sevilla,35,13,971,0.19,0,0,0,0,0,0,57,51,0.56,0.83,40,2.13,1.48,1.67,1.11,0,0.28,0,0.65,0.19,0
Fidel,ESP,FWMF,Elche,33,10,405,0.67,0,0,0,0,0.22,0,37.6,22.9,0.22,0.22,50,1.11,0.67,0.22,0.67,0,0.44,0,1.33,4.89,0
Dimitri Foulquier,FRA,DFMF,Valencia,29,15,665,0.27,0,0,0,0,0.14,0,44.6,31.5,1.35,1.35,50,2.43,1.62,1.76,2.3,0,0.27,0,0.68,3.38,0
Juan Foyth,ARG,DF,Villarreal,25,9,631,0.29,0,1,0,0,0,0,57.3,50,0.86,0.43,66.7,3.29,1.86,3.14,1.71,0.14,0.43,0.29,0.57,0.43,0
Iván Fresneda,ESP,DF,Valladolid,18,10,769,0.12,0,0,0,0,0,0,54.7,43.8,0.47,0.82,36.4,3.41,2.24,3.18,0.82,0,0.12,0,1.41,3.06,0
Javi Galán,ESP,DF,Celta Vigo,28,20,1720,0.1,0,0,0,0,0.05,0,58.5,44.8,0.89,0.68,56.7,2.98,2.09,1.41,1.52,0,0.37,0,2.09,4.29,0
Iñigo Ruiz de Galarreta,ESP,MF,Mallorca,29,17,1303,0.41,0,0,0,0,0,0,45.7,37.9,0.34,0.76,31.3,2.41,1.79,1.03,2.14,0,0.48,0.14,1.59,1.86,0
Aleix García,ESP,MF,Girona,25,21,1831,0.05,0,0,0,0,0.2,0,65.2,54.7,0.44,0.25,64.3,1.33,0.54,1.13,0.59,0,1.23,0.54,1.28,7.09,0
Álvaro García,ESP,FWMF,Rayo Vallecano,30,18,1482,0.18,0,4,0,0,0.12,0,31.8,20.5,0.3,0.24,55.6,1.88,1.03,0.85,1.27,0,1.45,0.85,0.91,5.03,0.06
Borja García,ESP,FWMF,Girona,32,3,138,0,0,1,0,0,0,0,24,22.7,0.67,0,100,1.33,0.67,1.33,0,0,2,2,1.33,0.67,0
Carlos García,ESP,DF,Cádiz,22,1,25,0,0,0,0,0,3.33,0,80,66.7,3.33,0,100,0,0,6.67,0,0,0,0,0,0,0
Dani García,ESP,MF,Athletic Club,32,13,595,0.3,0,0,0,0,0.15,0,47.6,37.3,0.76,1.21,38.5,2.27,1.36,1.82,2.12,0,0.3,0,1.36,0.45,0
David García,ESP,DF,Osasuna,28,18,1579,0.34,0.06,1,0,0,0,0,44.7,36.1,2.57,1.26,67.2,1.43,0.74,5.49,1.83,0.06,0.46,0.11,0.69,0.06,0
Eric García,ESP,DF,Barcelona,22,11,743,0.24,0,1,0,0,0,0,78.7,71.8,0.96,0.96,50,2.05,1.33,1.57,1.45,0.12,0.36,0.12,0.12,0,0
Francisco Garcia,ESP,DF,Rayo Vallecano,23,20,1787,0,0,0,0,0,0.1,0,56.7,45.5,0.2,0.55,26.7,1.91,1.16,1.41,0.65,0.1,0.9,0.3,0.65,4.32,0
Raúl García,ESP,FWMF,Athletic Club,36,20,565,0.16,0,1,0,0,0.32,0,27.6,17.3,1.75,3.02,36.7,1.43,0.95,1.27,1.43,0,4.92,0.79,2.06,1.11,0
Rubén García,ESP,MFFW,Osasuna,29,17,625,0.29,0,1,0,0,0.29,0,47.8,35.9,1.01,2.9,25.9,1.45,0.43,1.3,1.3,0,1.88,0.14,1.16,5.94,0
Unai García,ESP,DF,Osasuna,31,16,1271,0.43,0.07,0,0,0,0.07,0,42.1,32.7,1.84,1.49,55.3,1.06,0.5,3.48,1.21,0.07,0.28,0.07,0.14,0.14,0
Felix Garreta,ESP,DF,Betis,18,1,90,0,0,0,0,0,0,0,40,34,1,1,50,1,0,4,2,0,0,0,1,0,0
Sékou Gassama,SEN,FW,Valladolid,27,1,36,0,0,0,0,0,0,0,22.5,17.5,5,5,50,0,0,0,2.5,0,5,0,0,0,0
Gavi,ESP,MFFW,Barcelona,18,20,1268,0.28,0,1,0,0,0.14,0,47,40.5,1.7,0.99,63.2,1.84,1.28,0.71,3.4,0,0.92,0.21,2.06,1.7,0
Paulo Gazzaniga,ARG,GK,Girona,31,11,990,0.09,0,0,0,0,0,0,38.3,28.9,0.09,0,100,0,0,0.45,0,0,0,0,0.45,0,0
Óscar Gil,ESP,DF,Espanyol,25,16,1265,0.35,0,0,0,0,0.07,0,36.9,28.7,0.5,1.49,25,2.48,1.28,1.84,1.77,0,0.43,0.14,1.35,1.63,0
Álvaro Giménez,ESP,FW,Cádiz,31,1,17,0,0,0,0,0,0,0,10,10,0,0,0,0,0,0,5,0,0,0,5,0,0
Dani Gómez,ESP,MFFW,Espanyol,24,7,76,2.5,0,0,0,0,0,0,16.3,11.3,1.25,0,100,2.5,1.25,0,2.5,0,0,0,2.5,2.5,0
Maxi Gómez,URU,FW,Valencia,26,3,108,0,0,0,0,0,0,0,11.7,7.5,1.67,5,25,0,0,1.67,3.33,0,2.5,0,2.5,0,0
Moi Gómez,ESP,MFFW,Osasuna,28,20,1641,0.16,0,1,0,0,0.11,0,55,45.8,0.27,0.99,21.7,0.82,0.55,0.16,0.55,0,0.6,0.22,1.04,4.56,0
Papu Gómez,ARG,MFFW,Sevilla,34,13,670,0.54,0,0,0,0,0.14,0,52.2,45.5,0.27,0.41,40,0.68,0.54,0.68,0.54,0.14,2.16,0.81,1.89,3.38,0
Sergi Gómez,ESP,DF,Espanyol,30,14,1127,0.08,0.08,0,0,0,0,0,43.2,37.2,1.2,1.52,44.1,1.04,0.48,5.36,0.48,0,0.16,0,0.32,0.16,0
Diego González,ESP,DF,Elche,28,11,726,0.37,0,0,0,0,0,0,38.8,31,1.85,0.62,75,1.23,0.74,4.32,1.73,0,0.62,0,0.62,0.12,0
Édgar González,ESP,DF,Betis,25,16,1145,0.39,0.08,0,0,0,0,0,46.8,41.6,2.76,1.34,67.3,1.18,0.87,5.98,1.1,0,0.39,0.08,0.71,0,0
Giovanni González,URU,DF,Mallorca,28,8,521,0.52,0,0,0,0,0.34,0,39.1,29.7,1.38,1.21,53.3,1.72,0.69,2.41,1.38,0,0.69,0,1.9,2.24,0
Nicolás González,ESP,MF,Valencia,21,13,595,0.15,0,1,0,0,0,0.15,63.5,56.8,1.52,1.36,52.6,1.67,0.76,1.06,2.12,0.15,1.36,0.3,0.76,0.15,0
Roberto González,ESP,FWMF,Betis,22,2,54,1.67,0,0,0,0,0,0,48.3,41.7,0,0,0,0,0,0,1.67,0,0,0,6.67,8.33,0
Andoni Gorosabel,ESP,DF,Real Sociedad,26,13,738,0.24,0,0,0,0,0,0,57.1,48.5,0.61,1.71,26.3,2.32,0.85,0.85,0.85,0,0.73,0,0.85,2.07,0
José Gragera,ESP,MF,Espanyol,22,1,31,0,0,0,0,0,0,0,46.7,36.7,3.33,6.67,33.3,6.67,3.33,6.67,3.33,0,0,0,3.33,0,0
Ivo Grbi?,CRO,GK,Atlético Madrid,27,4,208,0.43,0,0,0,0,0,0,37.8,17.8,0.43,0,100,0,0,1.3,0,0,0,0,0.43,0,0
Clément Grenier,FRA,MF,Mallorca,32,14,598,1.06,0,0,0,0,0,0,43.6,31.8,0.45,1.06,30,2.58,1.21,1.06,2.88,0,0.45,0.3,1.97,3.79,0
Antoine Griezmann,FRA,FWMF,Atlético Madrid,31,20,1266,0,0,6,0,0,0.43,0,49.3,36.9,0.92,1.13,44.8,1.63,1.13,0.5,0.85,0,3.55,1.49,1.49,5.82,0
Andrés Guardado,MEX,MFFW,Betis,36,14,691,0.52,0,1,0,0,0,0,51.8,42.5,0.91,2.08,30.4,2.47,1.43,1.69,1.3,0,0.39,0.26,0.65,0.91,0
Sergi Guardiola,ESP,FW,Valladolid,31,14,502,0.18,0,0,0,0,0,0,20.9,13.2,1.61,2.5,39.1,2.14,1.25,1.25,2.5,0,1.96,0.54,1.61,0.54,0
Sergi Guardiola,ESP,FW,Cádiz,31,2,96,0,0,1,0,0,0,0,29.1,24.5,0.91,0.91,50,0.91,0.91,0.91,0.91,0,5.45,1.82,0.91,0.91,0
Nemanja Gudelj,SRB,DFMF,Sevilla,31,19,1604,0.28,0,2,0,0,0,0,55.1,51.1,1.46,0.62,70.3,1.29,1.07,3.88,0.67,0,1.29,0.34,0.79,0,0
Ander Guevara,ESP,MF,Real Sociedad,25,5,135,0.67,0,0,0,0,0,0,80,72,1.33,1.33,50,1.33,0,1.33,1.33,0,0.67,0,2,0,0
Pape Gueye,SEN,MF,Sevilla,24,2,172,0,0,0,0,0,0.53,0,37.9,31.6,1.05,1.05,50,3.16,3.16,0.53,2.11,0,2.11,0,4.74,0.53,0
Hugo Guillamón,ESP,MF,Valencia,23,17,1140,0.39,0,1,0.08,0.08,0.31,0.08,59.1,49.1,1.02,0.94,52,1.02,0.39,0.94,1.97,0.08,0.16,0.08,2.2,1.97,0
Gerard Gumbau,ESP,MF,Elche,28,18,1261,0.43,0,0,0,0,0.21,0,45.2,33.9,0.71,0.86,45.5,1.71,1,1.57,2,0,1,0.21,0.64,4.64,0
Gorka Guruzeta,ESP,FWMF,Athletic Club,26,14,525,0.17,0,5,0,0,0,0,22.9,17.1,1.72,2.76,38.5,1.38,1.38,0.34,2.07,0,3.97,1.72,0.69,0.17,0
Raúl Guti,ESP,MF,Elche,26,15,763,0.12,0,0,0,0,0,0,30,24.7,0.35,0.35,50,1.65,0.94,0.35,0.82,0,0.94,0.47,1.88,0.47,0
Miguel Gutiérrez,ESP,DF,Girona,21,20,1528,0.29,0,0,0,0,0.12,0,49.9,39.8,0.29,0.47,38.5,1.29,0.71,1.35,0.94,0,0.65,0.06,0.76,3.76,0
Munir El Haddadi,MAR,MFFW,Getafe,27,12,313,0.86,0,1,0,0,0,0,36.6,25.7,2,1.14,63.6,1.14,0.57,0,2.57,0,2.57,0.29,4.86,2.29,0
Eden Hazard,BEL,FW,Real Madrid,32,3,99,0,0,0,0,0.91,0,0,62.7,56.4,0,0,0,0,0,0,0,0,0.91,0,2.73,0,0
Luiz Henrique,BRA,FW,Betis,22,19,1160,0.31,0,1,0,0,0.08,0,24.4,18.1,1.24,2.25,35.6,2.33,1.71,0.54,0.85,0,2.33,0.85,1.94,1.09,0
Mario Hermoso,ESP,DF,Atlético Madrid,27,8,532,0.85,0.34,2,0,0,0,0,60.3,51.9,2.37,1.36,63.6,0.34,0.17,4.41,1.36,0,1.19,0.68,0.51,0,0
Aridane Hernández,EQG,DF,Osasuna,33,7,504,0,0,0,0,0,0,0,46.8,40.5,1.25,0.89,58.3,0.89,0.36,4.11,0.71,0,0,0,0.89,0,0
Luis Hernández,ESP,DF,Cádiz,33,19,1709,0.26,0.05,0,0,0,0,0,43,31.7,1.05,0.63,62.5,0.84,0.53,4.26,0.53,0,0.26,0.05,0.21,0.32,0
Mario Hernández,ESP,FW,Rayo Vallecano,24,1,1,0,0,0,0,0,0,0,0,0,0,0,0,0,0,0,0,0,2,0,0,0,0
Ander Herrera,ESP,MF,Athletic Club,33,8,307,0.88,0.29,0,0,0,0.29,0,57.9,50,0.59,0.29,66.7,1.76,1.18,1.47,3.24,0,1.18,0.29,1.18,0.29,0
Sergio Herrera,ESP,GK,Osasuna,29,10,900,0.3,0,0,0,0,0,0,35.8,21.9,0.2,0.1,66.7,0,0,0.5,0.1,0.1,0,0,0.1,0,0
Yangel Herrera,VEN,MFFW,Girona,25,16,776,0.23,0,2,0,0,0.23,0,37.7,29.3,1.98,2.91,40.5,2.56,0.93,0.93,3.37,0,2.21,0.93,2.09,1.86,0
Omar El Hilali,MAR,DFMF,Espanyol,19,5,92,1,0,0,0,0,0,0,35,21,2,1,66.7,3,2,6,0,0,0,0,2,2,0
Martin Hongla,CMR,DF,Valladolid,24,1,83,1.11,0,0,0,0,0,0,41.1,26.7,1.11,1.11,50,0,0,0,2.22,0,0,0,0,1.11,0
Pablo Ibáñez,ESP,MF,Osasuna,24,8,185,0,0,0,0,0,0,0,39.5,26.2,2.38,1.43,62.5,3.33,0.95,2.38,2.38,0,1.43,0.95,0.48,0.48,0
Iglesias,ESP,DF,Getafe,24,18,1350,0.2,0,1,0,0,0,0,41.7,25.9,0.53,0.47,53.3,2.67,1.4,3.67,1.93,0,0.87,0.33,0.87,3.87,0
Borja Iglesias,ESP,FW,Betis,30,20,1480,0,0.06,9,0.24,0.24,0.18,0,19.2,14.2,0.85,1.34,38.9,0.49,0.24,0.67,1.77,0,2.38,0.85,2.2,0,0
Asier Illarramendi,ESP,MF,Real Sociedad,32,12,503,0.54,0,1,0,0,0,0,51.1,43.6,0.71,0.89,44.4,3.21,1.43,2.14,2.14,0,1.43,0.54,1.61,0.36,0
Alexander Isak,SWE,FW,Real Sociedad,23,2,152,0,0,1,0,0,0,0,17.6,10,0,0,0,0.59,0.59,1.18,0.59,0,1.76,0.59,0,1.18,0
Isco,ESP,MFFW,Sevilla,30,12,799,0.56,0,0,0,0,0.22,0,46.9,38.9,0.56,1.57,26.3,1.69,1.01,0.34,1.24,0,0.45,0.11,3.82,2.02,0
Nicolas Jackson,SEN,FW,Villarreal,21,14,791,0.11,0,2,0,0,0.23,0,16.5,11.8,0.57,1.82,23.8,0.8,0.68,0.34,2.27,0,1.82,0.8,1.25,0.45,0
Adnan Januzaj,BEL,FW,Sevilla,28,2,47,0,0,0,0,0,0,0,48,30,0,0,0,0,0,0,2,0,0,0,4,2,0
Javi,ESP,DF,Girona,24,10,365,0.24,0,0,0,0,0.24,0,62.4,52.2,0.98,0.24,80,1.22,0.73,2.2,0.49,0,0.98,0,1.95,1.71,0
Luis Javier Suárez,COL,FW,Almería,25,6,323,0,0,2,0,0,0,0,30.8,21.9,2.78,3.89,41.7,1.39,0.56,0,2.5,0,2.78,1.39,1.11,1.11,0
Joaquín,ESP,MFFW,Betis,41,8,212,0.83,0,0,0,0,0.42,0,60.4,49.2,0,0.83,0,0.42,0.42,0.83,0,0,1.67,0.42,2.5,7.92,0
Frenkie de Jong,NED,MF,Barcelona,25,18,1308,0,0,2,0,0,0.07,0,76.6,68.7,0.62,0.55,52.9,1.86,0.97,0.83,0.9,0,0.9,0.55,1.03,0.76,0
Joan Jordán,ESP,MF,Sevilla,28,17,1172,0.38,0,0,0,0,0.08,0,64.3,56.4,0.54,0.54,50,2,1.08,0.62,1.54,0,0.77,0.23,0.85,0.38,0
Filip Jörgensen,DEN,GK,Villarreal,20,1,90,0,0,0,0,0,0,0,35,29,0,0,0,0,0,0,0,0,0,0,0,0,0
Josan,ESP,DFMF,Elche,33,13,419,0.64,0,1,0,0,0,0,33.2,24.3,0.64,0.64,50,1.28,1.06,1.28,1.28,0.21,0.64,0.43,1.28,3.62,0
Willian José,BRA,FW,Betis,31,15,347,0,0,0,0,0,0,0,37.9,30.8,1.79,1.79,50,1.28,0.77,1.54,0.51,0,2.31,0.51,0.26,0.77,0
Joselu,ESP,FW,Espanyol,32,19,1710,0.05,0,11,0.16,0.16,0.11,0,24.3,14.7,5.84,3.47,62.7,0.16,0.05,1.58,0.63,0,2.42,1,2.53,0.47,0.11
Juanmi,ESP,FW,Betis,29,10,548,0.49,0,3,0,0,0,0,26.4,22.6,0.82,1.8,31.3,1.31,1.15,0.33,1.31,0,1.48,0.82,2.46,0,0
Juanpe,ESP,DF,Girona,31,9,705,0.38,0,0,0,0,0,0,57.6,49.4,1.41,0.64,68.8,0.9,0.51,3.59,0.77,0.13,0.26,0,0.13,0.13,0
Lago Junior,CIV,FWMF,Mallorca,32,5,52,0,0,0,0,0,0,0,30,20,6.67,1.67,80,1.67,0,0,5,0,3.33,1.67,1.67,3.33,0
Vinicius Júnior,BRA,FW,Real Madrid,22,20,1756,0.26,0,7,0,0,0.15,0,35.7,27.7,0,0.26,0,1.33,0.87,0.05,1.85,0,2.51,1.23,4.05,1.95,0.05
Tino Kadewere,ZIM,MFFW,Mallorca,27,5,131,0,0,0,0,0,0,0,22,12.7,6,2,75,1.33,0,0,1.33,0,5.33,2,0.67,1.33,0
Kaiky,BRA,DF,Almería,19,8,484,0.93,0,0,0,0,0,0,32,25.9,0.93,1.3,41.7,0.93,0.93,3.7,1.3,0.19,0.19,0,0.56,0.19,0
Lee Kangin,KOR,MFFW,Mallorca,21,20,1525,0.36,0,2,0,0,0.18,0,31.9,22,0.24,1.83,11.4,1.24,0.77,0.12,1.54,0,1.42,0.47,1.66,5.8,0
Jon Karrikaburu,ESP,FW,Real Sociedad,20,6,93,1,0,0,0,0,0,0,18,11,4,4,50,1,0,0,3,0,5,1,4,1,0
Kenedy,BRA,FWMF,Valladolid,27,4,83,1.11,0,0,0,0,0,0,27.8,16.7,1.11,0,100,0,0,0,3.33,0,1.11,0,0,2.22,0
Franck Kessié,CIV,MF,Barcelona,26,12,365,0.73,0,0,0,0,0.24,0,41.5,35.9,0.24,0.49,33.3,1.46,0.73,0.49,2.44,0,1.71,0.24,1.71,0.24,0
Kike,ESP,FW,Osasuna,33,20,552,0.49,0,2,0.16,0.16,0,0,19.7,13.9,4.43,5.57,44.3,0.33,0.33,0.98,2.79,0,3.77,1.15,2.3,0.16,0.33
Justin Kluivert,NED,FWMF,Valencia,23,15,698,0.26,0,3,0,0,0,0,28.7,20.3,0.64,1.28,33.3,1.67,1.28,0.51,1.41,0,2.31,1.03,1.28,3.72,0.13
Koke,ESP,MF,Atlético Madrid,31,16,1121,0.24,0,0,0,0,0.16,0,62.2,52.6,0.64,0.64,50,2.16,1.44,0.72,0.96,0,0.48,0,1.52,1.2,0
Luca Koleosho,CAN,FWDF,Espanyol,18,2,25,0,0,0,0,0,0,0,40,23.3,0,0,0,0,0,0,0,0,0,0,0,3.33,0
Geoffrey Kondogbia,CTA,MF,Atlético Madrid,29,16,962,0.37,0,0,0,0,0.19,0,55.4,49.4,1.12,0.84,57.1,3.36,1.87,1.03,1.4,0,1.03,0,1.68,0,0
Jules Koundé,FRA,DF,Barcelona,24,13,1031,0,0,0,0,0,0.17,0.09,79.7,71.2,1.3,0.78,62.5,1.3,0.87,1.39,0.96,0,0.52,0,0.43,1.04,0
Toni Kroos,GER,MF,Real Madrid,33,17,1219,0.15,0.07,2,0,0,0.15,0,101.9,92.6,0.37,0.3,55.6,2.07,1.33,0.37,1.11,0,1.26,0.44,1.48,5.78,0
Takefusa Kubo,JPN,FWMF,Real Sociedad,21,17,1248,0.14,0,3,0,0,0.14,0,31.2,22.7,0.79,1.01,44,1.73,0.94,0.07,1.44,0,2.52,1.22,1.51,2.23,0.07
César de la Hoz,ESP,MF,Almería,30,11,853,0.42,0,1,0,0,0,0,30.8,25.2,1.05,1.37,43.5,2,1.26,1.47,1.58,0.11,0.42,0.11,0.53,0.11,0
Luca de la Torre,USA,MF,Celta Vigo,24,11,350,0.26,0,0,0,0,0.51,0,40.3,33.8,0,2.56,0,2.82,1.54,0.26,2.31,0,0.77,0.26,0.77,1.03,0
Érik Lamela,ARG,FWMF,Sevilla,30,18,1217,0.52,0.07,3,0,0,0,0,39.4,30.3,0.59,1.56,27.6,1.85,0.96,0,3.56,0,2.15,1.04,1.11,1.56,0
Cyle Larin,CAN,FW,Valladolid,27,2,47,2,0,2,0,0,0,0,18,16,4,4,50,0,0,0,2,0,6,4,4,0,0
Latasa,ESP,FWDF,Getafe,21,10,106,0,0,0,0,0,0,0,28.3,16.7,12.5,10.8,53.6,1.67,0.83,3.33,2.5,0,6.67,2.5,3.33,0,0
Toni Lato,ESP,MFDF,Valencia,25,14,545,0,0,1,0,0,0,0,47.5,39.5,0.33,1.64,16.7,1.8,0.66,1.48,0.49,0,1.15,0.16,0.82,3.11,0
Lázaro,BRA,MFFW,Almería,20,9,255,0,0,1,0,0,0,0,34.6,26.8,0,1.07,0,0,0,0.36,0.36,0,1.07,0.36,1.79,2.5,0
Robin Le Normand,FRA,DF,Real Sociedad,26,17,1356,0.26,0,0,0,0,0,0,52.5,47.3,2.78,1.06,72.4,1.26,0.73,3.31,1.19,0,0.2,0.07,1.06,0,0
Benjamin Lecomte,FRA,GK,Espanyol,31,10,899,0.1,0.1,0,0,0,0,0.1,27.5,17.9,0,0,0,0,0,0.3,0.1,0,0,0,0,0,0
Jeremías Ledesma,ARG,GK,Cádiz,29,21,1890,0,0,0,0,0,0,0,33.4,17,0.19,0,100,0.1,0.05,0.62,0.05,0.05,0,0,0.14,0,0
Florian Lejeune,FRA,DF,Rayo Vallecano,31,18,1488,0.24,0.06,3,0,0,0,0,48.5,38.5,2.12,1.15,64.8,1.09,0.61,4.36,0.67,0.06,1.52,0.67,0.36,0.06,0
Iñigo Lekue,ESP,DF,Athletic Club,29,16,1155,0.08,0,0,0,0,0.08,0,57,44.1,1.25,0.63,66.7,1.48,1.02,2.19,1.09,0,0.7,0.08,0.39,2.81,0
Thomas Lemar,FRA,MF,Atlético Madrid,27,15,662,0,0,0,0,0,0.27,0,59.7,49.9,0.27,0.54,33.3,1.89,0.95,0.81,0.54,0,0.81,0.41,0.95,3.92,0
Sergio León,ESP,FW,Valladolid,34,17,913,0,0.1,5,0.1,0.2,0.1,0,12.6,8.42,1.39,2.57,35,0.4,0.3,0.3,0.5,0,1.88,1.29,1.49,0.5,0
Robert Lewandowski,POL,FW,Barcelona,34,17,1334,0.14,0.07,14,0,0.07,0.27,0,25.3,19.3,1.49,1.42,51.2,0.54,0.34,0.27,1.55,0,4.32,2.23,1.42,0.68,0
Pol Lirola,ESP,DF,Elche,25,8,548,0.16,0,1,0,0,0,0,46.9,33.8,1.31,0.98,57.1,1.97,0.98,1.97,0.49,0,0.16,0.16,0.49,4.75,0
Javier Llabrés,ESP,FW,Mallorca,20,1,17,0,0,0,0,0,0,0,20,20,0,5,0,0,0,5,0,0,0,0,0,0,0
Marcos Llorente,ESP,MFDF,Atlético Madrid,28,13,1016,0.09,0,1,0,0,0,0,42,33.3,0.71,1.06,40,1.86,0.97,0.97,1.42,0,1.06,0.18,0.8,2.65,0
Giovani Lo Celso,ARG,MFFW,Villarreal,26,8,521,0.17,0,1,0,0,0,0,46,38.3,0.17,0.34,33.3,3.62,2.93,0.52,1.21,0,2.24,0.52,2.41,0.86,0
David López,ESP,DF,Girona,33,11,932,0.29,0,2,0,0,0.1,0,60.3,54.4,1.92,1.44,57.1,1.44,0.96,3.75,0.87,0,0.77,0.48,0.87,0,0
Diego López,ESP,GK,Rayo Vallecano,41,1,90,0,0,0,0,0,0,0,29,22,0,0,0,0,0,0,0,0,0,0,0,0,0
Unai López,ESP,MF,Rayo Vallecano,27,19,794,0.11,0,1,0,0,0.23,0,65.8,52.7,0.34,0.91,27.3,2.16,1.36,0.45,1.48,0,1.82,0.8,1.36,3.64,0
Anthony Lozano,HON,FW,Cádiz,29,19,1139,0.24,0,0,0,0,0,0,17.6,12,3.7,4.8,43.5,0.24,0.16,1.34,2.52,0,1.73,0.47,2.13,0.39,0
Pol Lozano,ESP,MF,Espanyol,23,4,17,5,0,0,0,0,0,0,40,25,5,5,50,0,0,5,5,0,0,0,0,5,0
José Luis Gayà,ESP,DF,Valencia,27,17,1483,0.18,0,1,0,0.06,0.12,0,63.5,48.1,0.97,0.48,66.7,2.55,1.52,1.58,0.48,0,0.79,0.36,0.67,8.12,0.06
José Luis Morales,ESP,FWMF,Villarreal,35,19,591,0.15,0,1,0,0,0,0,20.6,13.2,0.91,1.21,42.9,0.45,0.3,0.3,0.45,0,2.58,1.52,0.61,0.61,0
Andriy Lunin,UKR,GK,Real Madrid,24,5,450,0,0,0,0,0,0,0,31.6,28.6,0,0,0,0,0,0,0,0,0,0,0,0,0
Awer Mabil,AUS,MFFW,Cádiz,27,5,165,0,0,0,0,0,0,0,30,18.9,0.56,2.78,16.7,1.11,0,0.56,0,0,1.67,0.56,1.67,5,0
Darwin Machís,VEN,FW,Valladolid,30,2,180,0,0,0,0,0,0.5,0,30.5,19.5,0,1.5,0,1.5,1,1.5,1.5,0,1.5,0.5,1.5,6.5,0
Pablo Maffeo,ESP,DF,Mallorca,25,19,1560,0.23,0.06,1,0,0,0.12,0,38.9,27.3,1.1,1.1,50,2.14,1.39,2.25,0.98,0,0.58,0.12,1.85,3.35,0
Lisandro Magallán,ARG,DF,Elche,29,3,123,0,0,0,0,0,0,0,9.29,5,0.71,0,100,2.14,0.71,3.57,2.14,0,0,0,0,0,0
Jon Magunacelaya,ESP,MFFW,Real Sociedad,22,2,65,0,0,0,0,0,0,0,22.9,11.4,0,2.86,0,1.43,0,1.43,1.43,0,1.43,1.43,1.43,2.86,0
Nemanja Maksimovi?,SRB,MF,Getafe,28,12,711,0,0,0,0,0,0,0,24.6,20,1.01,0.76,57.1,1.65,0.51,1.01,0.63,0,0.51,0.13,0.63,0.51,0
Hugo Mallo,ESP,DF,Celta Vigo,31,15,1203,0.22,0,0,0,0,0,0,54.6,42,2.01,1.19,62.8,2.09,0.97,2.61,2.24,0.07,0.9,0.3,0.97,2.99,0
Mickael Malsa,MTQ,MF,Valladolid,27,5,69,0,0,0,0,0,0,0,25,16.3,1.25,1.25,50,2.5,2.5,3.75,2.5,0,0,0,0,0,0
Giorgi Mamardashvili,GEO,GK,Valencia,22,21,1890,0.05,0,0,0,0,0,0,30.2,23,0.14,0.05,75,0,0,0.38,0.05,0.05,0,0,0.1,0,0
Reinildo Mandava,MOZ,DF,Atlético Madrid,29,19,1655,0.16,0,0,0,0,0,0,52.8,45.4,1.41,1.03,57.8,2.93,2.01,2.99,1.74,0,0.33,0,1.41,0.76,0
Aïssa Mandi,ALG,DF,Villarreal,31,9,441,0,0,0,0,0,0,0,63.1,56.9,0.82,0.82,50,1.63,1.02,3.47,2.04,0,0.2,0.2,1.02,0.2,0
Maranhão,BRA,FWMF,Valencia,26,15,428,0.42,0.21,1,0,0,0,0,12.3,8.33,2.08,2.71,43.5,0.83,0.21,0,1.88,0,3.54,0.42,2.5,0,0
Marcão,BRA,DF,Sevilla,26,4,360,0.5,0,0,0,0,0,0,52.8,46,1.5,1,60,0.5,0.5,3.25,1.25,0,0,0,1.5,0,0
Agustín Marchesín,ARG,GK,Celta Vigo,34,19,1710,0.11,0,0,0,0,0,0,33.4,23.6,0.16,0,100,0,0,0.37,0,0,0,0,0.21,0,0
Óscar de Marcos,ESP,DF,Athletic Club,33,21,1619,0.17,0,0,0,0,0.22,0,60.5,47.1,0.78,0.56,58.3,2,0.89,1.67,1.5,0,0.06,0,0.5,3.83,0
José Mari,ESP,MF,Cádiz,35,12,323,0.56,0,0,0,0,0,0,42.2,34.7,0.83,1.39,37.5,3.61,1.94,1.67,1.11,0,0.56,0,1.94,0.28,0
José María Giménez,URU,DF,Atlético Madrid,28,12,1005,0.45,0,0,0,0,0,0,48.7,41.9,2.14,1.16,64.9,1.52,0.89,4.64,0.8,0.09,1.25,0.36,0.36,0,0
Mariano,DOM,FW,Real Madrid,29,5,44,2,0,0,0,0,0,0,20,14,2,2,50,2,0,0,4,0,6,0,0,0,0
Pablo Marín,ESP,MFFW,Real Sociedad,19,7,324,0.28,0,0,0,0,0,0,41.1,31.4,1.11,1.39,44.4,1.94,1.39,0.56,2.78,0,1.94,1.11,0.56,0.83,0
Roger Martí,ESP,FW,Elche,32,12,655,0.27,0,0,0,0,0.14,0,21.9,16.2,0.82,1.64,33.3,0.68,0.27,0.96,2.19,0,0.82,0.27,1.51,0.68,0
Roger Martí,ESP,FW,Cádiz,32,3,157,0,0,0,0,0,0,0,20,17.1,1.18,1.76,40,1.76,1.76,1.18,4.12,0,0.59,0,1.76,0,0
Ander Martin,ESP,MFFW,Real Sociedad,22,3,41,0,0,0,0,0,0,0,48,24,2,6,25,4,4,2,4,0,0,0,0,8,0
Andrés Martín,ESP,FW,Rayo Vallecano,23,4,133,0.67,0,0,0,0,0,0,34,14,1.33,0,100,2,1.33,1.33,2.67,0,1.33,1.33,0.67,7.33,0
Iván Martín,ESP,MFFW,Girona,23,9,555,0,0,2,0,0,0,0,35.8,29,0.81,0.81,50,0.32,0.32,0.65,1.13,0,1.29,0.48,0.32,0.48,0.16
Arnau Martinez,ESP,DF,Girona,19,17,1351,0.4,0,2,0,0,0.07,0,52.3,42.1,1.13,0.8,58.6,2.2,1.27,1.4,1,0,1,0.13,2.47,2.13,0
Iñigo Martínez,ESP,DF,Athletic Club,31,9,810,0.11,0,0,0,0,0,0,56.3,47.9,1.78,0.89,66.7,0.89,0.33,3.44,0.89,0,0.78,0.11,1,0.22,0
Roger Martínez,ESP,DF,Espanyol,18,1,7,0,0,0,0,0,0,0,50,50,0,0,0,0,0,0,0,0,10,0,0,0,0
Omar Mascarell,ESP,MF,Elche,30,18,1547,0.29,0,0,0,0,0,0,43.3,36.2,0.93,0.47,66.7,1.51,0.81,1.74,0.87,0,0.29,0.06,0.64,0.76,0
Jordi Masip,ESP,GK,Valladolid,34,15,1350,0.13,0,0,0,0,0,0,36.5,26,0.4,0,100,0,0,0.2,0,0,0,0,0.07,0,0
Jaime Mata,ESP,FW,Getafe,34,6,42,4,0,0,0,0,0,0,30,22,2,0,100,0,0,0,10,0,2,0,2,0,0
Borja Mayoral,ESP,FW,Getafe,25,20,1624,0.17,0,4,0,0.06,0,0,26.7,19.8,1,2.33,30,0.44,0.17,0.28,0.72,0,1.56,0.39,1.61,1.22,0.06
Mamadou Mbaye,SEN,DF,Cádiz,24,7,537,0,0,0,0,0,0,0,32.3,23.5,3,2.33,56.3,1,0.5,5.83,0.5,0,0.17,0,0.17,0,0
Gonzalo Melero,ESP,MF,Almería,29,15,1084,0.25,0,2,0,0,0.25,0,37,32.2,0.67,0.75,47.1,1.58,0.75,1.08,1.08,0,1.17,0.5,1.83,0.08,0
Memphis,NED,FW,Barcelona,28,2,114,0,0,1,0,0,0,0,50.8,40.8,0.77,1.54,33.3,1.54,0.77,0,1.54,0,4.62,2.31,1.54,3.08,0
Memphis,NED,FW,Atlético Madrid,28,2,22,5,0,0,0,0,0,0,90,75,0,0,0,0,0,0,5,0,5,0,0,5,0
Houboulang Mendes,FRA,DF,Almería,24,11,694,0.13,0,0,0,0,0.13,0,34.7,24.5,0.13,0.13,50,1.69,1.04,2.34,1.04,0.13,0.13,0,0.39,2.99,0
Brais Méndez,ESP,MF,Real Sociedad,26,19,1451,0.31,0,7,0,0,0.19,0,51.3,40.9,0.81,0.81,50,2.42,1.43,0.56,2.36,0,2.36,0.93,1.8,4.1,0
Diego Méndez,ESP,MF,Rayo Vallecano,19,1,1,0,0,0,0,0,0,0,2,1,1,0,100,0,0,0,0,0,0,0,0,0,0
Ferland Mendy,FRA,DF,Real Madrid,27,14,1127,0.16,0,0,0,0,0.08,0,56.6,51.8,0.56,0.48,53.8,1.36,0.72,0.96,0.32,0,0.08,0,1.36,0.48,0
Mikel Merino,ESP,MF,Real Sociedad,26,16,1285,0.28,0,1,0,0.07,0.49,0,53.2,40.6,3.5,1.68,67.6,2.94,1.75,2.31,2.73,0,1.68,0.7,1.54,0.84,0
Roque Mesa,ESP,MF,Valladolid,33,16,1068,0.42,0,2,0,0,0.08,0,52.3,43,0.5,1.01,33.3,1.6,0.67,1.18,2.35,0.08,1.43,0.67,1.93,0.76,0
Éder Militão,BRA,DF,Real Madrid,25,16,1218,0.07,0,3,0,0,0,0,56.1,48.9,2.44,1.56,61.1,1.7,1.11,3.56,1.19,0.07,0.89,0.3,1.48,0.37,0
Luis Milla,ESP,MF,Getafe,28,14,1165,0.23,0.08,0,0,0,0,0,52.9,41.3,0.85,0.7,55,2.4,1.55,1.09,1.32,0.08,0.31,0.08,0.7,4.65,0
Pere Milla,ESP,FWMF,Elche,30,19,1205,0.3,0,6,0.22,0.22,0.07,0,30.8,21.8,1.27,1.42,47.2,1.72,0.97,0.75,0.97,0,1.57,0.3,2.46,0.97,0.07
Marko Milovanovi?,SRB,FW,Almería,19,2,15,5,0,0,0,0,0,0,45,20,25,15,62.5,0,0,0,10,0,5,0,0,0,0
Óscar Mingueza,ESP,DF,Celta Vigo,23,16,964,0.19,0,0,0,0,0,0,63,50.3,0.37,0.56,40,2.62,1.4,2.15,1.4,0.19,0.28,0,0.47,1.96,0
Rafa Mir,ESP,FW,Sevilla,25,14,764,0.12,0,3,0,0,0,0,17.3,12.2,1.53,2.12,41.9,0.71,0.12,0.94,1.06,0,3.76,1.06,0.94,0.59,0
Juan Miranda,ESP,DF,Betis,23,5,272,0,0,0,0,0,0,0,52.3,36.3,0.67,0.67,50,2.33,1.67,1.67,1.33,0,0.67,0.33,0.67,3.67,0
Stefan Mitrovi?,SRB,DF,Getafe,32,14,1041,0.26,0,0,0,0,0,0,30.5,25.1,2.07,0.69,75,0.43,0.26,5.52,0.6,0,0.09,0,0.26,0,0
Luka Modri?,CRO,MF,Real Madrid,37,19,1122,0.32,0,3,0.08,0.08,0.16,0,75.1,65.3,0.56,0.48,53.8,1.04,0.4,0.4,1.12,0,1.68,0.32,0.56,3.12,0
Johan Mojica,COL,DF,Villarreal,30,9,457,0,0,0,0,0,0,0,54.5,44.7,0.78,0.39,66.7,2.35,1.76,1.18,0.59,0,0.2,0.2,1.96,6.08,0
Johan Mojica,COL,DFMF,Elche,30,3,270,0.67,0,0,0,0,0,0,59.3,42.3,1.33,0.33,80,2,1,1.67,1.33,0.33,1,0,1,4.67,0
Nahuel Molina,ARG,DF,Atlético Madrid,24,16,1374,0.2,0.07,0,0,0,0.07,0,59.7,43.3,0.98,1.24,44.1,2.09,1.37,2.03,0.65,0,0.59,0.07,0.46,4.25,0
Jon Moncayola,ESP,MFFW,Osasuna,24,20,1222,0.22,0,0,0,0,0,0,48.8,40.2,0.59,0.59,50,1.76,1.1,1.1,1.47,0,1.76,0.37,0.44,1.62,0.07
Monchu,ESP,MF,Valladolid,23,17,997,0.45,0,1,0,0,0.09,0,47.9,37.2,0.63,1.08,36.8,2.88,1.44,1.17,2.16,0.09,1.26,0.27,1.17,3.87,0
César Montes,MEX,DF,Espanyol,25,5,315,0.57,0,0,0,0,0,0,30,22.6,2.29,2.86,44.4,1.43,0.57,8,1.14,0,0.29,0,0.86,0,0
Gonzalo Montiel,ARG,DF,Sevilla,26,13,801,0.45,0.11,0,0,0,0.11,0,55.5,43.3,1.12,1.12,50,1.24,0.56,1.46,1.24,0,0.45,0.11,0.56,3.15,0
Martín Montoya,ESP,DF,Betis,31,3,183,0,0,0,0,0,0,0,56,42,1,0,100,3.5,2.5,2.5,0.5,0,0,0,1,3,0
Álvaro Morata,ESP,FW,Atlético Madrid,30,20,1159,0.23,0,7,0,0,0.08,0,20.5,12.8,2.48,1.63,60.4,0.93,0.62,1.16,1.71,0,3.02,1.4,2.79,0.23,0
Jon Morcillo,ESP,FWMF,Athletic Club,24,9,63,0,0,0,0,0,1.43,0,58.6,44.3,0,1.43,0,1.43,0,0,1.43,0,1.43,0,1.43,8.57,0
Alberto Moreno,ESP,DFFW,Villarreal,30,10,606,0.6,0,0,0,0,0,0,50.9,40.9,1.04,0.9,53.8,1.49,0.3,1.94,1.79,0,1.04,0.15,0.75,2.99,0
Álex Moreno,ESP,DF,Betis,29,15,1350,0.07,0,0,0,0,0.2,0,46.3,35,0.6,1.2,33.3,1.93,1.47,2.6,1.13,0.07,0.87,0.27,1.27,1.87,0
Diego Moreno,ESP,DF,Osasuna,21,5,413,0,0,0,0,0,0,0,50,33,0.87,1.52,36.4,0.87,0.87,1.74,0.43,0,0.87,0.22,0.87,3.48,0
Gerard Moreno,ESP,FW,Villarreal,30,12,919,0.2,0,5,0.1,0.2,0.2,0,31.8,22.4,1.18,0.98,54.5,0.69,0.49,0.88,0.69,0,2.75,1.18,0.69,0.59,0
Tete Morente,ESP,MFDF,Elche,26,15,802,0.34,0,0,0,0,0,0,33.4,25.1,0.9,0.56,61.5,1.24,0.67,1.12,1.91,0,1.35,0.34,1.35,3.37,0
Ilaix Moriba,GUI,MF,Valencia,20,13,570,0.63,0.16,0,0,0,0.16,0,42.2,35.1,1.75,0.95,64.7,2.86,1.59,1.11,3.02,0,2.06,0.63,3.49,0.16,0
Manu Morlanes,ESP,MF,Villarreal,24,4,158,0,0.56,0,0,0,0,0,25.6,20,0.56,1.11,33.3,1.67,1.11,1.11,0.56,0,0,0,0.56,0,0
Manu Morlanes,ESP,MF,Mallorca,24,1,27,0,0,0,0,0,0,0,56.7,50,0,0,0,3.33,3.33,3.33,3.33,0,0,0,0,3.33,0
Loren Morón,ESP,FW,Betis,29,2,15,5,0,0,0,0,0,0,20,15,0,10,0,10,10,5,10,0,0,0,0,0,0
Cristhian Mosquera,COL,DF,Valencia,18,3,145,0,0,0,0,0,0,0,40.6,33.1,1.88,1.25,60,2.5,1.25,3.13,0,0,1.25,0,0.63,0.63,0
Abdul Mumin,GHA,DF,Rayo Vallecano,24,4,193,0,0,0,0,0,0,0,52.9,42.9,0.48,1.43,25,0,0,1.9,0.48,0,0.48,0.48,1.43,0,0
Iker Muniain,ESP,MF,Athletic Club,30,18,1107,0.08,0,0,0,0,0.16,0,59,48.3,0.16,0.98,14.3,0.89,0.65,0.16,0.65,0,1.63,0.33,3.74,5.28,0
Aihen Muñoz,ESP,DF,Real Sociedad,25,11,756,0,0,0,0,0,0,0,50.5,41.1,1.43,1.07,57.1,2.26,1.07,1.67,1.67,0,0.36,0.12,0.48,2.62,0
Pablo Muñoz,ESP,MF,Rayo Vallecano,19,2,12,0,0,0,0,0,0,0,20,20,0,0,0,0,0,0,20,0,0,0,10,0,0
Vedat Muriqi,KVX,FW,Mallorca,28,19,1654,0.22,0.05,8,0.11,0.16,0.05,0,25.8,14.8,5.65,4.67,54.7,0.38,0.22,2.17,1.9,0,2.34,0.82,1.2,0.43,0
Yunus Musah,USA,MF,Valencia,20,18,1391,0.45,0,0,0,0,0.13,0,36.6,29.7,0.84,1.29,39.4,2.13,1.55,0.77,1.68,0,0.97,0.13,1.61,1.29,0
Nacho,ESP,DF,Real Madrid,33,11,507,0.36,0,0,0,0,0,0.18,65.4,60.9,2.14,1.79,54.5,1.07,0.71,2.32,1.25,0,0.54,0.18,0.71,0.71,0
Juanjo Narváez,COL,MFFW,Valladolid,28,5,148,0,0,0,0,0,0,0,22.5,15.6,1.88,3.75,33.3,0.63,0.63,0,0.63,0,1.88,0,5.63,0.63,0
Matija Nastasi?,SRB,DF,Mallorca,29,8,563,0.16,0,0,0,0,0,0,27.5,22.1,0.79,0.63,55.6,0.95,0.63,4.44,1.11,0,0.32,0.16,0,0,0
Roberto Navarro,ESP,MFFW,Real Sociedad,20,14,314,0.57,0,0,0,0,0,0,34.6,24.9,1.43,1.14,55.6,1.14,0.86,0.57,2,0,3.43,1.43,1.71,3.71,0
Jesús Navas,ESP,DFFW,Sevilla,37,17,1071,0.25,0,0,0,0,0,0.08,68.7,53.2,0.42,0.84,33.3,1.01,0.59,1.68,0.34,0,0.42,0.17,1.68,7.06,0
Álvaro Negredo,ESP,FW,Cádiz,37,14,556,0,0,1,0,0,0.32,0,20.8,12.4,4.19,3.06,57.8,0.65,0.65,0.97,0.48,0,2.1,0.97,1.13,0,0
Tanguy Nianzou,FRA,DF,Sevilla,20,13,910,0.1,0.1,1,0,0,0,0,51.3,45.6,1.68,0.89,65.4,1.19,0.89,2.57,0.5,0,0.4,0.1,0.69,0,0
Saúl Ñíguez,ESP,MFDF,Atlético Madrid,28,16,536,1.17,0,1,0,0,0.17,0,47.2,35.2,4.17,1.67,71.4,4.17,2.5,2.17,4,0.17,1.67,0.83,0.33,1.67,0
Fernando Niño,ESP,MF,Villarreal,22,1,12,0,0,0,0,0,0,0,30,30,0,0,0,0,0,0,10,0,0,0,0,0,0
Diego Noguerol,ESP,FWDF,Valencia,20,1,10,0,0,0,0,0,0,0,30,30,0,0,0,0,0,0,10,0,0,0,0,0,0
Randy Ntekja,FRA,FW,Elche,25,1,20,0,0,0,0,0,0,0,70,45,5,15,25,20,15,0,0,0,0,0,0,0,0
Randy Ntekja,FRA,FWMF,Rayo Vallecano,25,10,116,0,0.77,0,0,0,0,0,50,37.7,3.85,3.08,55.6,3.08,1.54,2.31,3.08,0,3.08,0,3.85,0,0
Unai Núñez,ESP,DF,Celta Vigo,26,19,1710,0.26,0,0,0,0,0,0.05,56.2,49.3,1.84,1.74,51.5,1.26,0.84,4.26,0.89,0,0.42,0.05,0.89,0.05,0
Jan Oblak,SVN,GK,Atlético Madrid,30,18,1592,0.06,0,0,0,0,0,0,28.6,18.2,0.06,0,100,0,0,0.28,0,0,0,0,0.17,0,0
Brian Ocampo,URU,MFFW,Cádiz,23,17,1058,0.17,0,1,0,0,0.08,0,29.3,21.7,0.59,1.1,35,1.44,1.27,0.25,2.63,0,1.1,0.17,2.03,2.8,0
Lucas Ocampos,ARG,FWMF,Sevilla,28,7,283,0.65,0,0,0,0,0,0,41.6,34.5,1.61,1.29,55.6,1.94,0.65,0.32,1.29,0,2.9,0.65,2.26,0.32,0
Olasagasti,ESP,MFDF,Real Sociedad,22,3,65,0,0,0,0,0,0,0,68.6,55.7,2.86,0,100,5.71,5.71,1.43,1.43,0,4.29,1.43,5.71,0,0
Lucas Olaza,URU,DF,Valladolid,28,12,869,0.31,0,0,0,0,0,0,51.1,39.4,1.75,2.27,43.6,1.96,1.24,1.86,0.93,0,0.31,0,1.24,5.36,0
Brian Oliván,ESP,DF,Espanyol,28,19,1651,0.27,0,0,0,0,0.27,0,41.4,25.5,0.71,1.31,35.1,1.97,1.09,2.35,1.31,0,0.55,0.11,0.66,5.08,0
Lucas Oliveira Rosa,BRA,DF,Valladolid,22,10,577,0.16,0,0,0,0,0,0,38.4,27.7,1.25,1.09,53.3,4.22,1.41,2.5,1.56,0,0.47,0.16,1.25,2.19,0
Aimar Oroz,ESP,MFFW,Osasuna,21,16,975,0.28,0,3,0.09,0.09,0.09,0,34.4,26.4,0.83,1.67,33.3,1.2,0.56,0.46,1.76,0,1.11,0.37,3.06,0.37,0
Pedro Ortiz,ESP,MF,Sevilla,22,1,1,0,0,0,0,0,0,0,1,1,0,0,0,0,0,0,0,0,0,0,0,0,0
Mikel Oyarzabal,ESP,FWMF,Real Sociedad,25,6,174,0,0,1,0.53,0.53,0,0,33.2,27.9,1.05,3.68,22.2,1.05,0.53,1.58,1.05,0,1.05,0.53,1.58,0,0
Cenk Özkacar,TUR,DF,Valencia,22,6,509,0.18,0,0,0,0,0,0,64,54.2,3.86,2.98,56.4,1.75,1.23,2.98,0.53,0,1.05,0.35,0.88,0,0
Fernando Pacheco,ESP,GK,Almería,30,1,90,0,0,0,0,0,0,0,31,20,0,0,0,0,0,1,0,0,0,0,0,0,0
Jon Pacheco,ESP,DF,Real Sociedad,22,9,678,0.27,0,0,0,0,0,0,66.7,60.5,1.73,2.27,43.3,1.2,0.93,2.67,1.2,0.13,0.13,0,0.67,0,0
Gonçalo Paciência,POR,FW,Celta Vigo,28,12,400,0.45,0.23,1,0,0,0,0,19.8,11.4,3.86,3.41,53.1,1.14,0.68,0.45,2.27,0,3.86,0.91,2.73,0.45,0
Helibelton Palacios,COL,DF,Elche,29,15,1165,0.31,0,0,0,0,0,0,38.6,29.1,0.78,0.62,55.6,1.55,0.93,2.79,1.63,0,0.23,0.16,0.62,0.85,0
Isaac Palazón Camacho,ESP,FWMF,Rayo Vallecano,28,19,1500,0.18,0,5,0.06,0.12,0.24,0,42,31,0.84,2.51,25,1.5,1.2,0.84,1.2,0,2.57,0.66,3.23,5.21,0
Aitor Paredes,ESP,DF,Athletic Club,22,6,140,0,0,0,0,0,0,0,36.9,30.6,0,0.63,0,1.25,0.63,0,0.63,0,2.5,1.25,0.63,0,0
Daniel Parejo,ESP,MF,Villarreal,33,20,1755,0.1,0,1,0.05,0.05,0.15,0,69.1,58.8,0.36,0.46,43.8,1.74,0.97,1.03,0.72,0,0.72,0.26,1.95,4.72,0
Moises Parra Gutierrez,ESP,FW,Getafe,20,1,10,0,0,0,0,0,0,0,30,30,0,0,0,10,0,0,0,0,0,0,0,0,0
Raúl Parra,ESP,DFMF,Cádiz,23,2,33,0,0,0,0,0,0,0,25,10,0,0,0,0,0,5,0,0,0,0,0,0,0
Javier Pastore,ARG,MF,Elche,33,1,5,0,0,0,0,0,0,0,80,60,0,0,0,0,0,0,10,0,0,0,0,0,0
Gabriel Paulista,BRA,DF,Valencia,32,12,740,0.12,0.12,1,0,0,0,0,57.3,50,3.05,1.34,69.4,1.1,0.61,5,0.85,0.12,1.34,0.12,0.85,0,0
Alfonso Pedraza,ESP,DF,Villarreal,26,12,836,0.11,0,0,0,0,0.11,0,42.3,32.2,0.97,0.86,52.9,1.83,1.72,1.51,1.29,0,1.61,0.65,1.08,3.76,0
Pedri,ESP,MFFW,Barcelona,20,20,1539,0.12,0,5,0,0,0,0,65.8,57.7,0.06,0.12,33.3,1.93,1.11,0.41,0.41,0,0.94,0.47,1.93,1.05,0
Rubén Peña,ESP,DFMF,Osasuna,31,11,653,0.14,0.14,0,0,0,0.14,0,39.9,27.9,1.1,1.51,42.1,2.19,1.1,2.05,2.19,0,1.51,0.27,0.55,3.84,0
Alberto Perea,ESP,MF,Cádiz,32,1,45,0,0,0,0,0,0,0,24,20,0,4,0,4,0,0,0,0,0,0,4,2,0
Ayoze Pérez,ESP,FW,Betis,29,2,41,0,0,0,0,0,0,0,28,20,2,8,20,2,2,0,0,0,2,0,0,0,0
Carles Pérez,ESP,MFFW,Celta Vigo,24,19,858,0.21,0,0,0,0,0.32,0,27.8,23.1,0.32,2.11,13,1.37,0.84,0.53,1.47,0,2.21,0.53,1.68,1.26,0
Francisco Perez,ESP,FWDF,Valencia,20,4,41,2,0,0,0,0,0,0,52,42,0,0,0,0,0,2,4,0,2,0,2,6,0
Kike Pérez,ESP,MF,Valladolid,25,19,1343,0.27,0,0,0,0,0.07,0,50.2,38.2,1.34,1.14,54.1,2.21,1.01,0.94,1.81,0,1.68,0.47,2.48,2.62,0
Lucas Pérez,ESP,FW,Cádiz,34,14,628,0.43,0,3,0,0,0,0,33.7,24.1,0.29,1.14,20,0.43,0.29,0.43,0.71,0,2.43,0.86,0.57,5.71,0
Luis Pérez,ESP,DF,Valladolid,28,9,613,0.15,0,0,0,0,0.15,0,42.8,33.5,0.44,1.32,25,3.68,1.91,1.76,0.88,0,0.15,0,1.03,2.79,0
Germán Pezzella,ARG,DF,Betis,31,18,1431,0.13,0.13,0,0,0,0,0,49.7,43.6,2.26,0.94,70.6,1.64,1.19,4.15,0.75,0,0.44,0,0.75,0.13,0
Ronaël Pierre-Gabriel,FRA,DF,Espanyol,24,1,44,4,2,0,0,0,0,0,36,30,2,2,50,12,6,2,6,0,2,0,2,4,0
Yeremi Pino,ESP,MFFW,Villarreal,20,19,1115,0.24,0,2,0,0,0.08,0,30,21.8,0.97,1.94,33.3,2.42,1.69,1.61,2.66,0,1.69,0.73,1.94,1.29,0
Gerard Piqué,ESP,DF,Barcelona,36,6,384,0.47,0.23,0,0,0,0,0,89.5,82.1,4.65,1.4,76.9,1.16,0.93,4.42,1.63,0,0.7,0,0.47,0,0
Óscar Plano,ESP,FWMF,Valladolid,32,20,1278,0.14,0,1,0,0,0.07,0,28.8,21.5,1.27,1.9,40,1.97,1.27,1.27,1.06,0,1.27,0.49,2.11,0.99,0.07
Gonzalo Plata,ECU,FWMF,Valladolid,22,16,919,0,0,0,0,0,0.2,0,31.6,24.5,0.39,2.16,15.4,2.84,1.67,0.29,0.69,0,1.76,0.88,1.76,1.37,0.1
Ezequiel Ponce,ARG,FW,Elche,25,19,680,0.26,0,3,0,0,0,0,22.8,17.1,3.03,3.29,47.9,0.79,0.53,1.45,3.03,0,2.11,0.92,0.79,0.13,0.13
Francisco Portillo,ESP,FWMF,Almería,32,15,364,0.25,0,2,0,0,0,0,61.3,48.3,0.75,0.5,60,2,1,0.75,0.25,0,0.75,0.5,0.5,1.75,0
Portu,ESP,DFMF,Getafe,30,17,706,0.51,0.13,0,0,0,0.26,0,38.2,28.3,0.51,1.79,22.2,1.67,1.03,1.03,1.41,0,1.15,0.38,1.92,4.23,0
José Pozo,ESP,MF,Rayo Vallecano,26,6,75,0,0,0,0,0,0,0,48.8,36.3,2.5,1.25,66.7,1.25,1.25,1.25,2.5,0,1.25,0,3.75,3.75,0
Alejandro Pozo Pozo,ESP,DF,Almería,23,17,1026,0,0,0,0,0,0.09,0,58.6,42.7,0.44,1.05,29.4,1.58,0.7,1.75,0.35,0,0.35,0.18,0.7,3.86,0
Abdón Prats,ESP,FWMF,Mallorca,30,14,176,0,0,1,0,0,0,0,21.5,16,0.5,6.5,7.1,0.5,0,1,1,0,3,2,2,0,0
Javi Puado,ESP,FWMF,Espanyol,24,19,1152,0.23,0,3,0,0,0.08,0,20.5,15.8,0.63,1.72,26.7,0.55,0.16,0.7,0.7,0,2.19,0.63,0.94,0.94,0
Arnau Puigmal,ESP,MFDF,Almería,22,11,277,0.97,0,0,0,0,0,0,41.6,30,0.32,0.97,25,1.29,0.32,0.32,0.65,0.32,1.94,0.32,2.26,2.58,0
Domingos Quina,POR,MF,Elche,23,10,275,0.97,0.32,0,0,0,0,0,47.4,39.4,0,0.32,0,0.97,0.65,0.32,1.61,0,1.94,0,3.55,1.94,0
Antonio Raillo,ESP,DF,Mallorca,31,20,1800,0.3,0,1,0,0,0,0,36.6,31.4,2,1.55,56.3,1.2,0.8,5,1.2,0,0.3,0.15,0.8,0,0.05
Predrag Rajkovi?,SRB,GK,Mallorca,27,21,1890,0.1,0,0,0,0,0,0,33.9,21.6,0.05,0,100,0,0,0.57,0.05,0.05,0,0,0.14,0,0
Ivan Rakiti?,CRO,MF,Sevilla,34,17,945,0.29,0.1,1,0.1,0.1,0.19,0,66.3,54.2,1.05,0.67,61.1,2.29,1.43,1.05,1.14,0,1.62,0.57,1.33,2.76,0
Largie Ramazani,BEL,FWMF,Almería,21,19,1039,0.35,0,2,0,0.09,0,0,20.5,13.9,0.17,1.04,14.3,0.87,0.61,0.17,1.83,0,2.52,1.22,0.87,1.3,0
Chris Ramos,ESP,MF,Cádiz,26,1,21,0,0,0,0,0,0,0,15,10,0,5,0,0,0,0,10,0,0,0,0,0,0
Raphinha,BRA,FW,Barcelona,26,19,959,0.28,0,4,0,0,0.37,0,59,43.8,0.37,0.47,44.4,1.21,1.03,0.75,0.75,0,3.64,1.03,1.59,7.76,0
Sergio Reguilón,ESP,DF,Atlético Madrid,26,4,87,2,1,0,0,0,0,0,61,48,3,1,75,3,2,0,1,0,0,0,3,5,0
Pepe Reina,ESP,GK,Villarreal,40,5,450,0.2,0,0,0,0,0,0,37.4,32.6,0,0,0,0,0,0,0,0,0,0,0,0,0
Reinier,BRA,MFFW,Girona,21,7,313,0.29,0,1,0,0,0,0,33.1,26.6,0.29,1.43,16.7,1.71,1.14,0.57,0.57,0,1.14,0.57,2.29,0,0
Karim Rekik,NED,DF,Sevilla,28,10,664,0.14,0,1,0,0,0.14,0,63.6,59.9,1.49,0.54,73.3,0.27,0.14,1.76,1.76,0,0.68,0.14,0.41,0.14,0
Álex Remiro,ESP,GK,Real Sociedad,27,20,1800,0.05,0,0,0,0,0,0,36,25.6,0.2,0,100,0,0,0.55,0,0,0,0,0,0,0
Alejandro Revuelta Montero,ESP,DF,Getafe,22,1,1,0,0,0,0,0,0,0,0,0,0,0,0,0,0,1,0,0,0,0,0,0,0
Chadi Riad,ESP,MF,Barcelona,19,1,2,0,0,0,0,0,0,0,1,1,0,0,0,0,0,0,0,0,0,0,0,0,0
Nico Ribaudo,ESP,FWMF,Espanyol,21,14,381,0.48,0,0,0,0,0,0,28.8,22.1,1.19,3.33,26.3,1.43,1.19,0.24,2.86,0,1.9,0.24,2.86,1.19,0
Diego Rico,ESP,DF,Real Sociedad,29,13,1044,0.17,0,0,0,0,0,0,54.6,41,1.29,0.52,71.4,1.72,1.12,3.36,1.38,0,0.34,0.09,1.81,2.76,0
Rodrigo Riquelme,ESP,MFFW,Girona,22,20,1271,0,0,3,0,0,0.07,0,27.8,19.5,0.35,0.78,31.3,0.71,0.07,0.07,1.21,0,2.41,0.92,1.56,2.41,0
Sergi Roberto,ESP,DF,Barcelona,31,12,544,0.17,0,2,0,0,0,0,71.8,66,0.17,0.33,33.3,1.33,1.17,1.17,1,0,1,0.5,0.83,1.67,0
Lucas Robertone,ARG,MF,Almería,25,20,1487,0.3,0,1,0,0,0.18,0,42.7,32.7,0.73,1.27,36.4,1.58,1.03,1.15,1.45,0,1.39,0.3,2.67,4.36,0
Joel Roca,ESP,MFFW,Girona,17,4,67,1.43,0,0,0,0,0,0,44.3,32.9,0,0,0,2.86,2.86,1.43,1.43,0,2.86,0,5.71,0,0
Enzo Roco,CHI,DF,Elche,30,15,1155,0.23,0,0,0,0,0,0,40.2,33.4,2.27,1.09,67.4,1.33,0.7,2.81,1.8,0.08,0.47,0.08,0.63,0,0
Rodrigo,ESP,FWMF,Betis,22,16,902,0,0,2,0,0,0.1,0,45.3,38.6,0,0.8,0,0.8,0.7,0.1,0.4,0,0.8,0.3,2.3,2.2,0.1
Ángel Rodríguez,ESP,FWMF,Mallorca,35,8,208,0,0,0,0,0,0,0,18.3,13.9,3.04,0.87,77.8,0.43,0.43,0.43,0.87,0,3.04,0.87,1.3,0.43,0
Óscar Rodríguez Arnaiz,ESP,MF,Celta Vigo,24,19,1198,0.23,0,2,0,0,0,0,55.6,43.9,0.68,1.05,39.1,1.73,1.5,0.75,1.13,0,2.26,1.05,1.5,4.36,0
Dani Rodríguez,ESP,MF,Mallorca,34,20,1174,0.38,0,1,0,0,0.15,0,29.6,23.7,0.31,1.54,16.7,1.92,0.92,0.77,2.08,0,0.85,0.38,1.38,1.23,0
Guido Rodríguez,ARG,MF,Betis,28,18,1478,0.24,0,0,0,0,0,0,52.1,45.2,1.4,1.04,57.5,2.93,1.89,2.32,1.28,0,0.55,0.24,1.65,0.3,0
Rodrygo,BRA,FW,Real Madrid,22,18,1189,0.08,0,4,0.08,0.08,0.38,0,36.6,31.7,0.76,0.83,47.6,0.91,0.45,0.23,0.98,0,3.79,0.98,1.89,0.91,0.08
Iván Romero,ESP,MF,Sevilla,21,1,11,10,0,0,0,0,0,0,30,10,10,0,100,0,0,0,10,0,0,0,10,0,0
Oriol Romeu,ESP,MF,Girona,31,17,1530,0.29,0,1,0,0,0,0,50.5,43.9,1.06,1.12,48.6,2.47,1.47,1.06,2.06,0.06,0.94,0.18,0.65,0.65,0
Rubén,ESP,DFMF,Espanyol,22,9,352,0.26,0,0,0,0,0.26,0,32.6,22.3,1.79,0.26,87.5,3.33,1.79,2.31,1.54,0,1.54,0,0.51,4.62,0
Antonio Rüdiger,GER,DF,Real Madrid,29,18,1226,0.07,0,1,0,0,0,0,58.8,54,1.62,0.59,73.3,0.51,0.44,2.87,0.29,0,1.03,0.22,0.15,0.15,0
Aitor Ruibal,ESP,DFFW,Betis,26,17,827,0.33,0,0,0,0,0,0,46.2,36,0.65,0.98,40,2.93,1.52,2.93,1.74,0,0.98,0.22,0.98,1.2,0
Víctor Ruiz,ESP,DF,Betis,34,6,362,0,0,0,0,0,0,0,46,37.8,2.75,1.25,68.8,0.25,0,5.75,0.25,0,0.25,0,0.25,0,0
Gerónimo Rulli,ARG,GK,Villarreal,30,14,1260,0.07,0,0,0,0,0,0,38.8,33.1,0.21,0,100,0,0,0.43,0,0,0,0,0.07,0,0
Franco Russo,ARG,DF,Mallorca,28,3,145,0,0,0,0,0,0,0,37.5,28.8,1.88,1.25,60,1.25,0.63,3.13,0,0,0,0,1.25,0,0
Youssouf Sabaly,SEN,DF,Betis,29,14,996,0,0,0,0,0,0,0,54.7,45.2,0.36,0.72,33.3,2.25,0.99,2.43,0.99,0,0.45,0.09,1.89,1.08,0
Umar Sadiq,NGA,FW,Almería,26,3,240,0.37,0,2,0,0,0,0,13.3,8.15,1.48,3.7,28.6,0,0,1.11,3.33,0,2.59,1.11,0.74,0,0
Umar Sadiq,NGA,FW,Real Sociedad,26,2,82,0,0,1,0,0,0,0,14.4,14.4,2.22,2.22,50,1.11,1.11,0,3.33,0,1.11,1.11,1.11,0,0
Samuel Sáiz,ESP,MF,Girona,32,8,240,0.37,0,2,0.74,0.74,0,0,60,45.2,0.74,1.11,40,0.74,0.74,0.37,1.11,0,0.74,0.37,1.48,2.22,0
Salvi,ESP,FWMF,Rayo Vallecano,31,12,276,0.65,0,0,0,0,0,0,34.8,18.7,0.32,1.29,20,2.26,1.61,0,0.97,0,0.65,0.65,1.61,6.13,0
Samuel,BRA,FWMF,Valencia,23,21,1781,0.15,0,2,0,0,0,0,35.7,27.3,0.66,1.01,39.4,1.82,1.21,0.4,1.36,0,2.73,1.06,1.67,2.58,0.1
Fede San Emeterio,ESP,MF,Cádiz,25,17,972,0.46,0,0,0,0,0,0,34.9,27.6,1.11,1.2,48,1.48,0.56,0.83,2.78,0,0.28,0,1.3,0.09,0
Oihan Sancet,ESP,MF,Athletic Club,22,21,1415,0.13,0,8,0.06,0.06,0,0,34.4,28.5,0.83,0.64,56.5,0.96,0.51,0.32,1.4,0,2.04,0.7,2.04,0.38,0
Antonio Sánchez,ESP,MF,Mallorca,26,18,639,0.56,0,0,0,0,0,0,37.9,28.7,0.56,0.99,36.4,1.13,0.7,0.56,2.11,0.14,1.41,0.7,1.55,2.25,0.14
Iván Sánchez,ESP,MFFW,Valladolid,30,15,708,0,0,0,0,0,0,0,40.6,32.9,0,0.63,0,1.14,0.89,0,1.01,0,1.52,0.63,2.78,2.41,0
Javi Sánchez,ESP,DF,Valladolid,25,17,1431,0.44,0,1,0,0,0,0,44.5,36.9,1.57,1.38,53.2,1.64,0.75,4.53,1.38,0.06,0.5,0.06,0.25,0.13,0
Manuel Sánchez,ESP,DF,Osasuna,22,15,834,0,0,0,0,0,0.11,0,45.8,36.3,0.75,0.54,58.3,2.8,1.83,2.04,0.75,0,0.54,0.11,0.86,3.76,0.11
Esteban Saveljich,MNE,FW,Rayo Vallecano,31,1,1,0,0,0,0,0,0,0,0,0,0,0,0,0,0,0,0,0,0,0,0,0,0
Stefan Savi?,MNE,DF,Atlético Madrid,32,13,1154,0.16,0.08,0,0,0,0,0,57.6,50.5,2.73,1.64,62.5,1.88,1.41,2.81,1.41,0,0,0,0.39,0,0
Haris Seferovi?,SUI,MF,Celta Vigo,30,1,27,0,0,0,0,0,0,0,36.7,16.7,0,3.33,0,3.33,0,0,0,0,0,0,3.33,6.67,0
Jaime Seoane,ESP,MF,Getafe,26,11,287,0,0,0,0,0,0,0,28.4,22.8,0.31,0.63,33.3,3.13,1.25,0.63,1.25,0,0.63,0,1.25,0.31,0
David Silva,ESP,MF,Real Sociedad,37,16,1115,0.16,0,1,0,0,0.16,0,52.8,44.1,0.48,0.65,42.9,1.45,0.89,0.73,1.05,0,1.21,0.65,1.29,1.13,0
Rui Silva,POR,GK,Betis,29,18,1620,0.11,0,0,0,0,0,0,35.1,23.6,0.17,0,100,0.17,0.06,0.39,0,0,0,0,0,0,0
Unai Simón,ESP,GK,Athletic Club,25,21,1890,0.05,0,0,0,0,0,0,30,22,0,0,0,0,0,0.38,0,0,0,0,0.05,0,0
Rubén Sobrino,ESP,FWMF,Cádiz,30,17,1178,0.38,0,1,0,0,0.08,0,20.9,15.9,1.6,2.29,41.2,1.22,0.69,0.92,2.21,0,1.3,0.61,1.91,0.46,0
Alex Sola,ESP,DF,Real Sociedad,23,5,275,0.32,0,0,0,0,0,0,48.7,38.7,1.94,0.97,66.7,5.16,2.58,3.23,0.97,0,1.29,0.32,1.94,1.94,0
Augusto Solari,ARG,MFFW,Celta Vigo,31,8,194,0,0,0,0,0,0.45,0,45,35.9,1.36,1.36,50,3.18,2.27,1.36,3.18,0,0.91,0,1.36,0.91,0
Carlos Soler,ESP,MF,Valencia,26,3,242,0,0,1,0.37,0.37,0,0,45.6,34.1,0.37,0.37,50,0.74,0,0.74,0.74,0,1.48,0.37,1.48,5.93,0
David Soria,ESP,GK,Getafe,29,20,1800,0.05,0,0,0,0,0,0,29.1,16.7,0.15,0,100,0,0,0.5,0.05,0,0,0,0.05,0,0
Dyego Sousa,POR,FW,Almería,33,13,347,0.26,0,0,0,0,0.26,0,26.7,18.5,3.59,2.31,60.9,1.03,0.51,2.05,1.79,0,2.56,0.77,1.54,0,0
Vinicius Souza,BRA,MF,Espanyol,23,18,1527,0.41,0.06,0,0,0,0,0,32.8,26.5,2.47,2.06,54.5,4,2.53,1.76,2.59,0,0.24,0.06,1.35,0.18,0
Jørgen Strand Larsen,NOR,FW,Celta Vigo,23,16,1000,0.27,0,2,0,0,0.27,0,17.7,12,2.52,2.16,53.8,0.81,0.45,1.53,2.43,0,2.25,0.72,2.61,0,0.09
Cristhian Stuani,URU,FW,Girona,36,16,652,0.69,0,5,0.42,0.56,0,0,13.1,9.72,0.83,1.67,33.3,0.69,0.28,0.56,3.33,0,2.64,1.53,1.67,0.28,0
Damián Suárez,URU,DF,Getafe,34,13,900,0.2,0,1,0,0,0,0,52.5,36.5,0.8,0.2,80,2.6,1.7,1.9,1.8,0,0.2,0.1,0.4,4.8,0
Denis Suárez,ESP,MF,Espanyol,29,1,31,0,0,0,0,0,0,0,53.3,46.7,3.33,3.33,50,0,0,3.33,0,0,0,0,0,0,0
Mario Suárez,ESP,DFMF,Rayo Vallecano,35,1,6,0,0,0,0,0,0,0,30,20,0,0,0,0,0,0,0,0,0,0,0,0,0
Suso,ESP,FWMF,Sevilla,29,10,315,0.29,0,0,0,0,0.29,0,59.7,48.6,0,0.57,0,1.71,0.86,0.29,1.14,0,2,0.86,2.29,7.71,0
Williot Swedberg,SWE,MF,Celta Vigo,19,1,34,2.5,0,0,0,0,0,0,30,27.5,0,0,0,2.5,0,0,2.5,0,0,0,2.5,0,0
Alexander Sørloth,NOR,FW,Real Sociedad,27,16,1276,0.14,0,8,0,0,0.07,0,18.8,13.2,1.83,1.48,55.3,0.56,0.21,0.99,1.41,0,2.39,1.27,0.49,0.21,0
Renato Tapia,PER,MF,Celta Vigo,27,15,695,0.39,0,0,0,0,0,0,52.3,44.9,1.56,1.04,60,2.73,1.56,1.56,1.3,0.13,0.52,0.26,1.17,0.65,0
Aurélien Tchouaméni,FRA,MF,Real Madrid,23,16,1062,0.08,0,0,0,0,0.17,0,70.5,65.5,2.29,0.93,71.1,2.54,1.53,2.12,1.53,0,1.44,0.17,1.36,0.42,0
Alex Telles,BRA,DF,Sevilla,30,13,753,0.48,0,0,0,0,0.24,0,50.1,36.9,1.43,0.95,60,1.07,0.6,1.07,1.67,0,0.48,0,0.95,6.67,0
Marc-André ter Stegen,GER,GK,Barcelona,30,20,1800,0,0,0,0,0,0,0,37.8,32,0.2,0,100,0,0,0.2,0,0,0,0,0,0,0
Ramón Terrats,ESP,MF,Girona,22,8,212,0,0,0,0,0,0,0,40,32.1,0,2.92,0,1.67,0.83,1.25,1.25,0,1.67,0,1.25,0.83,0
Raúl de Tomás,ESP,FW,Rayo Vallecano,28,2,34,0,0,0,0,0,0,0,12.5,7.5,2.5,7.5,25,2.5,0,0,5,0,10,0,2.5,0,0
Pablo Torre,ESP,FW,Barcelona,19,1,14,0,0,0,0,0,0,0,20,10,0,0,0,0,0,0,0,0,0,0,0,5,0
David Torres,ESP,DF,Valladolid,19,2,101,0,0,0,0,0,0,0,70.9,53.6,1.82,1.82,50,0.91,0.91,2.73,0,0,0,0,0.91,0.91,0
Ferrán Torres,ESP,FW,Barcelona,22,17,645,0.56,0.14,2,0,0,0,0,35.1,27.6,0.14,0.42,25,0.69,0.28,0.42,1.25,0,3.75,0.97,1.94,1.94,0
Óliver Torres,ESP,MFFW,Sevilla,28,19,1402,0.06,0,3,0,0,0.06,0,50.3,39.7,0.19,0.71,21.4,1.6,1.03,0.38,0.9,0,1.03,0.26,2.05,2.44,0
Pau Torres,ESP,DF,Villarreal,26,17,1530,0.41,0,0,0,0,0,0,63,54.7,1.29,1.47,46.8,1.06,0.53,4.41,0.71,0,0.29,0,0.76,0.06,0.12
Roberto Torres,ESP,FWMF,Osasuna,33,2,11,0,0,0,0,0,0,0,130,120,0,0,0,0,0,0,0,0,0,0,0,20,0
Lucas Torró,ESP,MF,Osasuna,28,19,1502,0.36,0,0,0,0,0,0,41.1,33.7,2.16,1.92,52.9,1.8,1.2,2.1,2.1,0,1.08,0.18,1.32,0.06,0
Nabil Touaizi,MAR,MF,Espanyol,22,1,3,0,0,0,0,0,0,0,1,1,0,1,0,0,0,0,0,0,0,0,0,0,0
Óscar Trejo,ARG,MFFW,Rayo Vallecano,34,18,1208,0.6,0,2,0.07,0.15,0.22,0,42.1,34,0.45,1.72,20.7,1.87,1.42,0.37,3.21,0,0.67,0.22,3.13,1.79,0
Manu Trigueros,ESP,MFFW,Villarreal,31,11,380,0.48,0,0,0,0,0,0,54.3,48.6,0.24,1.43,14.3,1.67,0.95,0.48,1.43,0,0.71,0.24,1.67,0.24,0
Viktor Tsyhankov,UKR,MF,Girona,25,2,41,0,0,0,0,0,0,0,36,28,0,0,0,0,0,0,2,0,0,0,2,2,0
Beñat Turrientes,ESP,MFFW,Real Sociedad,21,6,106,0,0,0,0,0,0,0,39.2,33.3,0,1.67,0,3.33,2.5,2.5,1.67,0,0,0,0.83,3.33,0
Enes Ünal,TUR,FW,Getafe,25,20,1731,0.21,0,6,0.05,0.1,0.16,0,22.5,14.4,4.11,4.95,45.4,0.78,0.47,1.35,1.56,0,2.34,0.73,2.45,0.52,0
Oscar Ureña,ESP,MF,Girona,20,3,100,0,0,0,0,0,0,0,20,13.6,0,0.91,0,3.64,1.82,0,1.82,0,0.91,0.91,0.91,3.64,0
Óscar Valentín,ESP,MF,Rayo Vallecano,28,17,1220,0.44,0,0,0,0,0,0,44.6,36.8,1.03,1.54,40,3.9,1.99,1.03,3.01,0,0.66,0,1.47,0.15,0
Valery,ESP,MFDF,Girona,23,15,575,0.16,0,0,0,0,0.31,0,32.8,28.6,0.47,0.47,50,1.09,0.47,0.94,0.16,0.16,0.63,0,1.41,2.03,0.16
Enrique Valiente,ESP,DF,Sevilla,20,6,368,0.24,0.24,1,0,0,0.24,0,51.5,43.2,2.2,1.46,60,0.24,0.24,5.61,0.98,0.24,0.73,0.24,0.24,0,0
Martin Valjent,SVK,DF,Mallorca,27,18,1598,0.39,0,0,0,0,0,0,40.1,32.3,0.9,0.34,72.7,0.96,0.67,3.93,1.07,0.06,0.06,0,0.22,0.28,0
Manu Vallejo,ESP,FWMF,Girona,25,7,206,0,0,0,0,0,0.43,0,38.7,29.6,0,2.17,0,1.74,0.43,1.3,0.43,0,0.43,0.43,2.61,3.04,0.87
Federico Valverde,URU,FWMF,Real Madrid,24,20,1529,0.12,0,6,0,0,0.12,0,56.4,49.5,1,0.29,77.3,1.06,0.65,0.53,0.41,0,2.41,0.88,0.59,0.88,0
Jesus Vazquez,ESP,DFMF,Valencia,20,6,171,0.53,0,0,0,0,0,0,52.1,41.6,0,1.05,0,2.11,2.11,1.58,1.58,0,1.58,0,0,3.16,0
Kevin Vázquez,ESP,MFDF,Celta Vigo,29,4,90,0,0,0,0,0,0,0,53,43,0,1,0,3,1,5,5,0,0,0,1,3,0
Lucas Vázquez,ESP,DF,Real Madrid,31,10,426,0.21,0,2,0,0,0,0,74.7,65.1,0,0.85,0,2.77,1.49,0.85,1.7,0,1.49,0.64,1.06,3.4,0
Gabriel Veiga,ESP,MF,Celta Vigo,20,19,1037,0.26,0.09,6,0,0,0.17,0,34.4,25.9,0.78,0.61,56.3,1.74,0.7,0.26,1.83,0,2.7,1.48,0.87,1.48,0
Unai Vencedor Paris,ESP,MF,Athletic Club,22,6,141,1.25,0,0,0,0,0,0,56.9,50.6,0.63,0,100,1.88,0.63,0,5,0,1.88,0.63,1.25,1.25,0
Gonzalo Verdú,ESP,DF,Elche,34,8,436,0.21,0.42,1,0,0,0,0,42.1,34.4,2.29,1.88,55,0.83,0.21,4.58,1.88,0,1.04,0.42,0.42,0,0
Mikel Vesga,ESP,MF,Athletic Club,29,20,1485,0.18,0,2,0.06,0.06,0.12,0,54.1,44.5,2.18,1.64,57.1,1.82,0.97,1.45,1.52,0,0.73,0.06,0.73,0.36,0.06
Aleix Vidal,ESP,MFFW,Espanyol,33,15,732,0.49,0,0,0,0,0,0,29.8,20.7,0.25,0.74,25,0.86,0.25,1.23,1.73,0,0.37,0.25,1.36,2.72,0
Nacho Vidal,ESP,DF,Osasuna,28,13,891,0.2,0,0,0,0,0,0,46.4,35.8,1.82,0.71,72,2.22,1.21,2.12,2.12,0,0.81,0.1,1.21,2.02,0
Toni Villa,ESP,MF,Valladolid,28,2,91,0,0,0,0,0,0,0,32,20,0,0,0,6,3,0,0,0,0,0,1,5,0
Toni Villa,ESP,MFFW,Girona,28,17,633,0.29,0,1,0,0,0.14,0,33.1,25.3,0.14,0.43,25,3.29,2.14,0.29,0.71,0,2.14,0.43,2.29,2.71,0
Asier Villalibre,ESP,FW,Athletic Club,25,5,97,0,0,0,0,0,0,0,16.4,10,1.82,1.82,50,0,0,0.91,2.73,0,3.64,0.91,0.91,0,0
Gonzalo Villar,ESP,MF,Getafe,24,4,101,0.91,0,0,0,0,0,0,60,53.6,0,1.82,0,0.91,0.91,0.91,6.36,0,0,0,0.91,0,0
Iván Villar,ESP,GK,Celta Vigo,25,1,90,0,0,0,0,0,0,0,33,19,0,0,0,0,0,1,0,0,0,0,0,0,0
Daniel Vivian,ESP,DF,Athletic Club,23,15,1265,0.21,0,1,0,0,0,0,50.4,40.9,1.63,2.34,41.1,2.06,1.21,3.97,1.35,0,0.5,0.14,0.85,0.28,0
Shon Weissman,ISR,FW,Valladolid,26,15,747,0.12,0,1,0,0,0,0,11,8.43,0.48,2.77,14.8,0.24,0.12,0.84,0.6,0,2.17,0.84,0.96,0.24,0
Iñaki Williams,GHA,FW,Athletic Club,28,19,1484,0,0,5,0,0.06,0.12,0,22.8,14.5,0.97,1.09,47.1,0.79,0.55,0.91,1.09,0,2.42,0.97,0.97,2.06,0
Nico Williams,ESP,FWMF,Athletic Club,20,21,1641,0.05,0,4,0,0,0.22,0,32.3,21.8,0.49,0.99,33.3,1.04,0.49,0.33,0.77,0,2.14,0.71,0.99,5.55,0.05
Axel Witsel,BEL,DFMF,Atlético Madrid,34,17,1251,0.14,0,0,0,0,0,0,55.1,51.2,1.58,1.22,56.4,0.94,0.58,3.31,0.72,0,0.36,0,0.65,0.14,0
Jawad El Yamiq,MAR,DF,Valladolid,30,12,607,0,0.15,0,0,0,0,0,51,43.1,2.24,1.34,62.5,1.49,0.9,6.57,0.6,0,0.75,0,0.3,0,0
Joseba Zaldúa,ESP,DF,Cádiz,30,10,639,0.56,0,0,0,0,0.14,0,39,26.8,2.68,1.69,61.3,2.11,1.13,3.1,1.55,0,0.14,0,0.56,1.69,0
Oier Zarraga,ESP,MFFW,Athletic Club,24,15,485,0.56,0,0,0,0,0,0,40.2,30.7,1.3,1.3,50,0.93,0.74,0.56,1.85,0,2.41,0.56,1.85,3.15,0
Igor Zubeldia,ESP,DF,Real Sociedad,25,16,1257,0.36,0,1,0,0,0.07,0,52.7,45.8,2,1.57,56,1.43,0.86,4.07,1.64,0,0.29,0.07,0.5,0.21,0
Martín Zubimendi,ESP,MF,Real Sociedad,24,19,1601,0.34,0,1,0,0,0.11,0,53.4,45,2.19,0.9,70.9,1.97,1.07,1.85,1.63,0,0.28,0.11,0.84,0.11,0